0,32.8537,0,0,0,0,34.9472,0,0,16.9094,17.7429,0,0.335834,0,1.12051,52.2352,24.1969,12.0001,0,0,0.945416,0,0,21.4935,0,0,8.26108,0,6.92386,10.8245,0,1.1918,0,0,0,0,0,0,0,0,0,0,0,0,0,0,0,0,0,0,0,0,0,0,0,0,0,0,0,0,0,0,0,0,0,0,0,43.5367,16.9211,0,0,0,0,0,0,0,0,0,55.4388,0,0,0,100.673,8.79886,46.169,0,0,0,0,0,0,0,0,0,0,0,0,0,0,0,0,0,0,0,0,0,0,0,310.573,0,0,0,0,0,0,0,0,0,0,0,0,0,0,0,0,0,0,0,0,0,0,0,0,0,0,181.99,0,0,0,140.296,0,0,116.39,28.3829,0,0,0,0,0,0,0,0,0,0,52.5059,5.81457,0,0,80.9786,0,0,0,0,0,0,0,0,43.8282,0,0,0,0,25.9258,0,0,0,0,0,0,0,0,0,0,0,0,0,0,0,0,0,0,0,0,0,0,0,0,0,87.8327,0,0,0,0,0,0,0,0,0,0,0,0,0,0,0,0,0,0,0,0,0,0,8.12567,0,0,0,0,0,0,0,68.7293,1609.16,0,0,0,0,0,0,0,0,0,7.01881,0,0,0,0,0,0,0,0,0,0,3.62009,0,0,68.888,0,1461.26,0,0,0,0,0,0,0,0,0,22.4658,0,0,0,1.36447,0,0,0,320.312,0,0,0,0,0,0,0,0,144.273,0,0,0,0,50.0122,0,0,0,0,0,0,0,0,0,0,33.1049,0,0,84.0965,137.547,146.759,99.0821,26.4486,75.0549,0,118.434,0,125.375,0,0,0,0,0,10.274,48.0677,0,37.5805,0,0,9.19471,0,0,0,0,101.123,0,0.251752,0,0,0,0,0,0,0,50.5383,347.704,1532.56,371.885,0,40.6442,0,31.2713,26.9585,10.3763,164.374,0,0,69.1212,98.1441,125.352,0,59.1971,0,0,34.4275,0,0,0,0,0,0,232.369,0,6.15585,0,14.9762,0,0,0,0,0,0,0,0,0,0,47.2533,0,0,0,0,0,0,0,0,2.67923,0,0,0.0161123,2.72586,3.92447,0,5.03021,0,0,710
0,60.2585,0,0,1.52795,0,71.4647,0,0,1.10899,0,0.0233723,0.101548,0,0,0.732471,18.5518,34.7572,0,0,0,0,0,25.1107,0,0,26.6634,7.27562,22.5308,25.0751,0,0.000984524,0,0,0,0,0,0,0,0,0,0.054287,0,0,0,0,0,0,0,0,0,0,0,0,0,0,0,0,0,0,0,0,871.488,600.07,0,0,0,4.29152,8.18663,0,0,0,30.3297,0,45.9792,17.6127,0,0,14.4484,23.7497,0,0,50.0734,63.8774,42.7277,19.7386,24.4046,0,0,0,0,0,0,0,0,7.85464,0,0,0,0,0,0,6.75179,0,0,0,0,0,194.273,0,0,0,0,0,0,0,0,0,0,0,0,0,0,0,0,0,0,0,0,0,0,0,0,0,0,41.3785,0,0,0,89.0306,0,0,105.264,5.51043,0,0,0,0,0,0,0,0,0,0,0,40.5687,0,0,71.5269,0,0,0,0,0,0,0,0,8.00215,0,0,0,0,0,0,0,0,0,0,0,0,0,0,0,0,0,0,0,0,0,0,0,0,0,0,0,0,0,0,86.1544,0,0,0,0,0,0,0,0,0,0,0,0,0,0,0,0,0,0,0,0,0,0,0,0,0,0,0,0,0,0,0,0,0,0,0,0,0,0,0,0,0,0,0,0,0,0,0,0,0,0,0,0,36.4952,0,0,0,0,0,0,0,0,0,0,0,0,0,0,18.0504,0,0,0,0,0,0,0,0,0,0,0,0,0,0,0,0,56.8809,0,0,0,0,43.3722,0,0,0,0,0,0,0,0,0,0,5.53174,0,0,0,0,0,0,0,0,0,0,0,0.370805,0,0,0,0,0,0,0,0,60.895,0,0,0.717763,0,0,0,0,19.3724,0,0,0,0,0,0,0,0,0,62.1996,32.1181,189.274,12.0437,0,0,0,0,6.49809,0,6.08204,0,0,0,0,0,0,58.4677,0,0,0,0,0,0,0,0,0,0,0,0,0,0,0,0,0,0,0,0,0,0,0,0,0,0,0,0,0,0,0,0,0,0,0,0,0,10.596,2.07978,0,0,0,0,810
161.099,144.641,7.61005,27.8589,119.904,51.2492,319.33,1.50198,9.93218,122.673,9.95193,174.466,104.755,60.0106,77.4742,368.898,288.053,257.936,47.3255,11.2244,94.8784,0,0,29.2387,0,7.84398,255.982,14.9595,209.335,375.028,30.5648,14.6519,9.62851,0,0.751,283.877,0,0,0,262.752,150.841,84.813,0,0,0,0,0,0,0,0,0,0,0,0,0,0,0,0,0,0,0,0.00685608,0,0,0,3463.67,0,6.10269,7.81775,0,0,0,141.289,82.5883,0,0,0,0,26.2941,232.285,0,0,174.802,180.794,81.43,504.502,645.044,0,0,0,0,0,0,0,0,0,0,0,0,0,6.59242,0,0,0,0,0,0,0,215.646,0,0,0,0,0,0,0,0,0,0,0,0,0,0,0,0,0,0,0,0,0,0,0,0,0,0,182.512,0,0,0,0,0,0,21.8014,5.07455,0,0,0,0,0,0,0,0,0,0,6.81683,13.1743,0,0,0,0,0,0,0,0,0,0,0,0,0,0,0,0,6.26977,0,0,0,0,0,0,0,0,0,0,0,0,0,0,0,0,0,0,0,0,0,0,0,0,0,27.8459,0,0,0,0,0,0,0,0,0,0,0,0,0,0,0,0,0,0,0,0,0,0,51.7243,0,0,0,0,0,0,0,0,194.1,0,0,0,0,0,0,0,0,0,0,0,0,0,0,0,0,0,0,0,0,0,0,0,10.4833,0,169.412,0,0,0,0,0,0,0,0,0,19.4932,0,0,0,0,0,0,0,0,0,0,0,0,0,0,0,0,85.6853,0,0,0,0,21.2889,0,0,0,0,0,0,0,0,0,0,5.77157,0,0,0,0,0,0,0,0,0,0,0,46.7981,0,0,0,0,0,5.75939,17.3422,0,20.494,0,0,0,0,0,0,0,0,0,0.0340027,0,0,0,0,0,0,0,13.9702,178.517,697.599,183.669,0,0,0,17.3873,0,0,0,0,0,0,0,0,0,0,0,0,0,0,0,0,0,0,0,45.7929,0,0,0,0,0,0,0,0,0,0,0,0,0,0,33.0493,0,0,0,0,0,0,0,0,0,0,1400.22,0,0,3.65047,0,0.148705,1.72801,0,750
0,0,0,0,0,0,65.5934,0,0,0,30.011,0,0,0,0,0,0,0,0,0,0,0,0,3.13504,0,0,0,0,0,0,0,0,0,0,0,0,0,7.53795,0,11.4563,0,27.1896,0,0,57.6276,0,0,0,0,0,0,0,0,0,0,0,0,0,0,15.7084,0,0,0,0,0,0,0,0,0,0,1804.88,15.4434,0,0,0,0,79.3328,0,0,0,0,0,15.5288,0,0,0,0,0,0,0,0,0,0,0,0,0,0,0,0,0,7.61391,0,0,0,0,0,0,0,5.63813,0,0,0,0,0,0,0,0,0,0,0,0,0,0,0,0,0,0,0,0,0,0,0,0,0,0,56.0525,0,0,0,6.4446,0,0,0,0,0,0,0,0,0,0,0,0,0,0,0,47.8259,0,0,0,0,0,0,0,0,0,0,0,0,0,0,0,0,0,0,0,0,0,0,0,0,0,0,0,0,0,0,0,0,0,0,0,0,0,0,0,0,0,0,0,0,0,0,0,0,0,0,0,0,0,0,0,0,0,0,0,0,0,0,0,0,0,151.654,0,0,0,0,0,0,0,0,0,0,0,0,0,0,0,0,0,0,0,0,0,0,0,0,0,0,0,0,0,74.2801,0,0,0,0,0,0,0,0,0,0,0,0,0,0,137.619,0,0,0,0,0,0,0,0,0,0,0,0,0,0,0,0,0,0,0,0,0,5.2848,0,0,0,0,0,0,0,0,0,0,0,0,0,0,0,0,0,0,0,0,0,0,0,0,0,0,0,0,0,0,0,0,0,0,0,0,0,0,0,34.6811,0,0,0,0,0,0,0,0,0,0,0,0,0,0,142.323,0,24.6586,403.776,169.998,299.512,0,28.7449,221.983,224.383,224.709,0,0,0,0,0,0,0,0,0,0,0,0,0,54.2684,0,23.5179,0,0,0,0,0,0,0,0,0,0,0,0,0,0,0,0,0,0,0,0,0,0,0,0,0,0,526.983,0,0,700
0,36.1135,0,0,0,0,0,0,0,0,0,0,0.263319,0,0,0,0,0,622.156,0,0,0,0,0,0,306.215,0,6.29643,0,0,22.6191,0,0,0,0,0,0,0,0,0,0,0,0,0,17.1478,0,0,19.7733,0,0,0,0,0,0,0,0,0,0,0,0,0,0,0,0,0,0,297.338,0,0,0,0,0,19.3358,12.5797,0,0,0,0,25.5206,0,0,0,44.2142,46.9239,40.2827,0,0,0,0,0,0,0,0,0,0,0,36.2842,0,0,0,0,0,0,0,0,0,0,0,230.635,0,0,0,0,0,0,0,0,0,0,0,0,0,0,0,0,0,0,0,0,0,0,0,0,0,0,294.866,0,0,0,0,0,0,4.89397,4.89423,0,0,0,0,0,0,0,0,0,0,0,115.181,0,0,13.7544,0,0,0,0,0,0,0,0,34.4164,0,0,0,0,0,0,0,0,0,0,0,0,0,0,0,0,0,0,0,0,0,0,0,0,0,0,0,0,0,0,21.4137,0,0,0,0,0,0,0,0,0,0,0,0,0,0,0,0,0,0,0,0,0,0,98.8941,0,0,0,0,0,0,0,0,0,0,0,0,0,0,0,0,0,0,0,0,0,0,0,0,0,0,0,0,0,33.4,0,0,0,0,0,0,0,0,0,0,0,0,0,0,0,0,0,0,0,0,0,0,0,0,0,0,0,0,0,0,0,0,0,0,0,0,34.6548,0,0,0,0,0,0,0,0,0,0,0,0,0,0,0,0,0,0,0,0,0,0,0,0,0,0,0,0,0,0,0,21.5481,0,0,0.0027342,0,0,0,0,45.5104,0,0,0,0,0,0,0,0,0,26.6788,12.2485,44.9736,0,0,0,0,35.7431,5.37871,0,0,0,0,0,0,0,0,0,0,0,0,0,0,0,0,0,0,0,0,0,0,0,0,0,0,0,0,0,0,0,0,0,0,0,0,0,0,0,0,0,0,4.7211,0,15.7966,0.00192914,46.5503,0,0,0,0,0,625
58.1856,18.1276,0,3.80712,0,0,39.335,0,15.1592,13.203,70.7511,0.917665,0,0,2.19869,34.2753,19.7823,35.4974,0,0.0639126,2.76755,0,0,0,0,0,0.290551,0,0,140.159,0,0.620145,0,28.1752,6.11E-05,40.4471,0,120.117,0,59.9318,0,56.7538,0,0,78.7595,0,0,28.7555,0,0,0,0,0,0,0,0,0,0,0,6.75921,0,0,0,0,0,0,0,23.1648,0,0,0,0,22.908,8.52917,142.871,150.531,0,0,28.5024,0,0,0,44.2687,49.0826,32.2595,0,0,0,0,0,0,0,0,0,0,0,0,0,0,0,0,0,176.304,0,0,0,0,0,199.407,0,0,0,46.1406,0,0,0,0,0,0,0,0,0,0,0,0,0,0,0,0,0,0,0,52.3129,8.46082,0,313.407,0,0,0,78.1167,0,0,6.1783,26.4268,0,0,0,0,0,0,0,0,0,0,168.187,255.737,0,83.9982,13.2144,0,0,0,0,0,0,0,0,0,0,0,0,0,186.935,0,0,0,0,0,0,0,0,0,0,6.56738,0,0,0,0,0,0,0,0,0,0,0,0,0,0,201.935,0,0,0,0,0,0,0,0,0,0,0,0,0,0,0,0,0,0,0,0,0,0,245.132,0,0,0,0,0,0,0,0,0,0,0,0,0,0,0,0,0,0,0,0,0,0,0,0,0,0,0,0,0,95.3629,0,0,183.39,0,50.9064,0,0,0,0,0,0,0,0,0,52.2486,0,0,0,0,0,0,0,41.5966,0,0,0,0,0,0,0,0,399.829,0,0,0,0,73.4259,0,0,6.12651,0,0,0,0,5.81423,0,0,0,0,0,0.937933,94.6515,0,17.4363,0,38.3104,0,66.3752,0,428.513,0,0,0,0,0,87.9608,163.417,0,85.9528,0,42.6488,12.1594,0,0,0,0,0,0,194.846,36.7712,0,0,0,0,0,0,43.3778,160.425,836.929,91.9513,0,25.9048,0,0,6.24558,0,18.5215,0,0,0,0,7.61098,0,23.2871,0,0,0,0,0,0,0,0,0,0,0,0,0,0,0,0,0,0,0,0,0,0,0,0,0,0,0,0,0,0,74.9291,0,49.2141,73.8764,0,0,0,0,0,0,320.887,0,0,750
28.9516,21.1764,0,0,0.318988,0,78.5428,0,0,30.9979,27.5439,12.7828,27.4223,0,1.82492,110.289,44.4065,62.4733,50.1512,0,0,0,0,23.5711,0,21.8974,45.0841,0,16.2024,127.449,0,0.148092,0,0,0,140.738,0,25.7562,0,85.8399,0,51.0176,0,0,0,0,0,43.9575,0,0,0,0,0,0,0,0,0,0,0,0,0,0,0,0,0,0,0,0,0,0,0,0,0,0,8.07465,0,0,0,0,44.693,0,0,68.2738,75.271,69.7414,0,0,0,0,0,0,0,0,0,0,0,0,0,0,0,0,0,48.2081,0,0,0,0,0,227.075,0,0,0,0,0,0,0,0,0,0,0,0,0,0,0,0,0,0,0,0,0,0,0,0,34.1293,8.75849,176.261,0,0,0,10.2003,0,0,6.27992,5.50462,0,0,0,0,0,0,0,0,0,0,0,83.8026,0,0,324.5,0,0,0,0,0,0,0,0,136.376,0,0,0,0,49.2865,0,0,0,0,0,0,0,18.978,0,0,7.77166,0,0,0,0,0,9.0357,0,0,0,26.3971,0,0,0,0,238.619,0,7.63727,0,0,0,0,0,0,0,0,0,0,0,0,0,0,0,0,0,0,0,0,0,0,31.9123,0,0,0,0,0,0,0,0,0,0,0,0,0,8.67841,0,0,0,0,0,0,0,0,0,0,0,0,0,5.57513,0,0,8.86179,0,112.069,0,0,0,0,0,0,0,0,0,0,0,0,0,0,0,0,0,0,0,0,0,0,0,0,0,0,27.8393,0,0,0,0,24.317,0,0,0,0,0,0,0,0,0,0,0,0,0,119.753,0,0,0,0,0,0,23.4498,0,396.843,0,0,0,0,0,7.18098,0,0,37.925,0,0,4.42591,0,0,0,0,226.71,0,0,0,0,0,0,0,0,0,105.967,0.121472,47.5384,8.66382,0,0,0,0,0,0,16.7149,0,0,0,0,0,0,130.651,0,0,0,0,0,0,0,0,0,0,0,0,0,0,0,0,0,0,0,0,0,0,0,0,0,0,0,0,0,0,0,0,0,0,7.82105,0,0,0,0.171713,0,0,0,0,670
123.865,0,16.1624,2.3551,0.0481914,0,17.8692,12.555,0,12.5613,259.162,26.8176,0,0,1.72456,3.35883,0.195893,33.16,0.356186,0.000735585,0.00377602,7.79483,0,0,0,0,38.6465,5.73139,60.8535,92.8073,0,28.3804,0,121.221,116.153,897.264,0,51.2668,6.80671,52.4098,27.9317,15.6874,0,0,43.0089,0,0,0,0,4.7898,0,0,0,0,0,0,0,0,0,0,0,5.38452,33.4211,12.5021,11.1718,0,0,8.68754,79.6321,0,0,1814.09,0,0,0,0,0,1183.04,23.4953,51.803,2096.12,0,74.1033,76.5935,41.247,0,0,0,0,859.512,0,0,0,0,0,0,0,0,0,0,0,0,194.157,0,0,0,0,0,49.9715,0,0,0,135.365,5.07797,0,7.47465,0,0,0,0,0,0,6.05103,0,0,0,0,0,0,0,0,0,0,96.2908,25.9192,98.9795,22.9163,0,0,0,0,0,60.1428,10.5971,0,0,341.277,0,0,0,0,0,0,0,16.0947,0,0,28.1624,71.4141,0,0,0,0,7.22108,9.99283,0,0,0,8.87712,0,0,0,0,0,0,0,0,0,0,0,57.7629,22.1402,0,20.3758,0,0,0,0,0,34.2514,0,0,0,71.2836,8.09368,0,0,0,594.696,50.0384,36.9399,39.4298,0,3.94792,7.84338,0,0,0,0,0,0,26.8652,0,0,0,0,8.21704,0,0,0,0,112.562,0,171.366,24.4075,8.07951,0,7.5245,0,11.6237,9.55202,0,0,0,0,0,29.717,8.33427,0,0,0,0,0,0,0,0,0,0,0,0,0,6.25881,0,0,54.1241,0,150.658,0,0,0,0,0,0,0,0,0,95.9487,8.21994,0,6.64375,0.583503,0,0,0,24.6667,0,0,0,45.8088,56.8835,0,0,0,104.073,0,0,30.73,0,123.945,7.03321,0,0,19.766,0,0,0,95.9847,28.4289,0,26.7026,0,0,60.6716,57.8403,0,0,0,23.1391,0,43.4484,0,31.7972,0,0,5.25899,0,0,96.4632,0,0,51.3738,0,15.838,79.5005,0,0,0,0,90.734,0,183.19,27.408,0,0,0,0,0,0,276.43,0,0,16.239,0,5.21425,0,13.2433,41.0203,19.7983,50.8951,25.7428,0,48.7817,53.9386,32.6645,0,144.365,9.56613,228.271,88.6503,0,0,0,0,0,9.59443,58.6007,0,165.32,0,235.343,0,0,0,0,0,0,0,0,0,0,2.79262,0,0,0,0,0,190.034,0,282.532,386.583,0,0,0,0,0,0,635.035,0,5.25484,850
144.292,0,0,3.41406,0,0,45.4354,0,0,3.9517,52.6986,0.0198883,0,0,0,0.992158,1.15745,6.04929,0,0,0,0,0,0,0,0,43.055,0,0,112.06,0,0,0,14.1516,0,82.129,0,9.45848,0,250.101,147.902,64.7349,0,0,46.6336,0,0,0,0,0,0,0,6.54708,0,0,0,0,0,0,0,0,0,642.618,452.014,0,614.912,267.447,51.7081,0,0,0,8.5066,98.3916,71.3354,0,0,0,0,43.1923,0,0,16.7841,67.9892,61.5563,46.8885,20.6774,13.0948,0,0,0,0,0,0,0,0,31.9601,0,0,0,0,58.1136,0,181.69,0,0,0,0,0,266.021,0,0,0,0,6.98058,0,10.6398,3.88676,0,0,0,0,0,9.25954,0,0,0,0,0,0,0,0,0,0,129.559,53.9597,493.914,17.4993,0,0,605.791,0,0,21.9702,50.0045,0,0,231.42,0,0,0,0,0,0,0,14.3742,0,0,17.1204,30.9171,0,0,0,0,9.08071,35.3817,0,0,0,35.7618,0,0,0,0.483211,0,0,0,0,0,0,0,91.7896,32.366,0,46.5523,0,0,0,0,0,42.4253,0,0,0,121.915,7.41502,0,0,0,701.21,77.9205,19.1233,35.2218,0,12.2506,7.41011,0,0,0,0,0,0,18.6224,0,0,0,0,0,0,0,0,0,111.622,0,180.727,45.634,10.1804,6.35999,16.0316,0,9.24482,0,0,0,0,0,0,51.8263,0,0,0,0,0,0,0,0,0,0,0,0,0,0,51.8739,0,0,6.82954,0,0,0,0,0,0,0,0,0,0,0,70.6899,52.5035,10.284,0,0,0,0,0,0,0,0,0,65.5017,31.0355,0,0,0,100.274,0,0,31.0246,6.79835,51.1213,0,0,9.57424,17.478,0,0,0,53.1547,8.0195,0,93.1582,0,0,13.7731,0,0,0,0,0,0,8.83716,0,11.675,0,0,0,0,0,0,0,0,85.9367,0,0,141.351,0,0,0,0,30.3351,0,7.51363,0,0,0,0,0,0,0,7.68212,26.2415,72.1008,0,0,0,0,30.9931,24.8262,0,0,12.3684,19.0967,0,0,8.57136,0,0.00507618,4.9103,0,0,0,0,0,0,0,0,61.8993,0,0,0,4.6272,0,0,0,0,0,0,0,0,0,0,17.8285,0,0,0,0,0,162.533,0,237.193,428.445,391.333,749.993,0,55.0456,6.42697,0,61.631,0,0,620
0,0,0,0,0.418846,0,27.1174,0,4.48984,6.67391,59.9745,2.69699,15.0274,0,0.00150153,35.3244,0.979151,35.6257,0,1.49386,0,0,0,0,0,0,44.1418,8.44478,5.70045,195.021,0,0.116914,0,7.4548,0,3.91212,0,0,0,0,0,0,0,0,0,0,0,0,0,0,0,0,0,0,0,0,0,0,0,0,0,4.59692,0,0,3.97721,0,0,21.91,0,0,0,0,0,0,0,0,0,0,36.2239,10.3864,0,0,149.018,9.82419,64.3261,0,0,0,0,0,0,0,0,0,0,12.9577,0,0,0,0,35.945,0,151.189,0,11.2056,0,0,0,0,0,0,0,23.5865,0,0,5.26158,0,0,0,0,0,0,0,0,0,0,0,0,0,6.00827,0,0,0,78.1646,28.996,0,24.2453,0,0,0,0,6.89349,0,33.3054,0,0,0,0,0,0,6.32225,0,0,0,0,0,3.17692,0,0,0,0,0.257344,0,0,0,0,0,0,0,5.16069,2.9746,0,0,20.9273,0,0,0,0,0,0,56.1665,0,0,27.4069,0,0,0,0,0,28.3745,7.26849,0,0,44.849,0,0,7.8061,0,508.886,46.9841,23.6131,20.5557,0,0,4.65371,0,0,0,0,0,2.75657,4.26473,0,0,0,5.74461,29.7917,0,0,0,0,0,0,110.667,14.816,0,0,0,0,8.5343,0,0,0,0,0,0,28.6042,18.6726,0,0,0,0,0,0,0,0,0,0,0,0,0,0,22.3257,0,0,0,0,17.2158,0,0,0,0,0,0,0,0,0,9.56944,0,0,61.1447,0,0,0,0,0,0,0,33.4377,15.9702,0,0,0,0,0,0,24.4742,0,3.31602,9.09195,0,3.36626,9.11072,0,0,0,70.8191,0,0,83.2029,0,0,0,0,0,0,0,0,0,0,3.37455,0,0,0,4.77628,0,0,0,0,0,17.6371,0,4.79085,44.5612,0,0,0,0,0,0,6.82439,0,0,0,0,0,0,0,0,2.72866,0,0,0,0,0,0,10.9796,6.07088,0,0,2.07962,9.19521,19.4933,43.9511,0,0,3.5881,0,0,0,0,0,0,0,0,191.73,0,0.0344126,0,25.036,0,0,0,0,0,0,0,0,0,0,4.98667,0,0,0,0,0,76.754,5.40431,170.621,315.65,0,0,0.11812,0,27.5858,0,0,5.44774,0,710
10.5256,0,0,0,0,0,0,0,0,0,41.3359,0,0,0,0,0,1.19E-06,8.85933,0,0,0,0,0,0,0,0,10.578,0,25.322,17.9974,0,0,0,0,0.226917,0,0,0,0,9.69842,0,9.4672,0,0,13.7151,0,0,0,0,0,0,0,0,0,0,0,0,0,0,5.20463,0,0,0,0,0,0,0,0,0,0,0,0,0,0,0,0,0,0,0,277.076,0,0,104.052,124.309,90.169,0,0,0,0,0,0,0,0,0,0,0,0,0,0,0,0,0,63.0879,0,0,0,0,0,103.979,0,0,0,0,0,0,17.2771,0,0,0,0,0,0,0,0,0,0,0,0,0,0,0,0,0,78.8238,33.0749,93.5549,9.50246,5.75037,0,129.686,0,0,0,0,0,0,58.7158,0,0,0,0,0,0,0,0,0,0,0,5.75564,0,0,0,0,0,8.77951,0,0,0,17.1273,0,0,0,0,0,0,0,0,0,0,0,62.5384,17.5848,0,28.2072,8.55181,0,0,0,0,8.27856,0,0,0,70.1169,0,0,0,0,498.066,67.2036,14.6301,0,0,0,0,0,0,0,0,0,0,12.9164,0,0,0,0,0,0,0,0,0,67.7308,0,132.499,10.9906,0,0,0,0,0,0,0,0,0,0,0,15.0156,0,0,0,0,0,0,0,0,0,0,0,0,0,0,0,0,0,0,0,0,0,0,0,0,0,0,0,0,0,0,35.9149,0,0,0,0,0,0,0,0,0,0,37.1499,66.3297,14.2529,0,0,13.6513,0,0,54.216,0,46.493,26.5785,0,0,16.2665,0,0,0,127.023,37.1431,0,89.9295,0,0,0,0,0,0,0,0,0,7.99373,0,26.0288,0,0,0,0,0,10.2469,0,0,31.9721,0,0,62.4352,0,0,0,0,12.7643,0,0,0,0,0,0,0,0,0,0,0,0,0,0,0,0,27.7907,29.1276,0,0,0,5.99152,0,0,0,0,0.232307,4.74319,0,0,0,0,0,8.02471,0,0,0,0,7.04216,0,61.8226,0,0,0,0,0,0,0,0,0,0,29.5293,0,0,0,0,0,106.173,0,227.989,211.526,0,122.74,0,51.1539,19.3618,0,0,0,3.4269,760
27.6706,0,0,0,0,0,0.11936,0,0,0,28.2327,0,6.26203,0,0,0,0,0,0,0,0,0,0,0,0,0,2.08593,0,0,21.2259,0,0,0,18.8126,0,4.75148,0,84.4598,0,30.5483,0,0.0839545,0,0,62.0777,0,0,0,0,0,0,0,0,0,0,0,0,0,0,16.6808,0,0,0,0,0,0,24.813,0,8.97419,0,0,0,0,0,0,23.5205,24.4506,0,35.0744,0,0,0,53.1604,0,30.67,0,0,0,0,0,0,0,0,0,0,0,0,0,0,0,6.69559,0,147.568,0,0,0,0,0,128.51,0,0,0,0,0,0,0,0,0,0,0,0,0,0,0,0,0,0,0,0,0,0,0,0,39.7952,10.8997,231.394,7.79306,0,0,0,0,0,22.3882,29.0535,0,0,41.3875,0,0,0,0,0,0,0,0,0,0,0,4.33472,0,0,0,0,0,0,0,0,4.71774,0,0,0,0,0,0,0,0,0,0,0,0,40.4247,8.7454,0,0,0,0,0,0,0,25.2993,4.96319,0,0,64.808,0,0,0,0,574.695,34.6063,33.5462,9.22034,0,0,8.4685,0,0,0,0,0,0,0,0,0.836698,0,0,0,0,0,0,0,106.541,0,96.6439,7.76168,0,0,0,0,0,0,0,0,0,0,0,33.7318,9.68,0,0,0,0,0,0,0,0,0,0,0,0,0,0,0,0,0,0,0,0,0,5.64156,0,0,0,0,0,0,245.815,15.6549,0,9.031,0,0,0,0,43.8656,0,0,0,12.9498,21.5579,0,0,0,20.7786,0,0,17.6667,0,93.6782,0,0,10.6994,10.9673,0,0,0,72.2736,38.4824,0,5.12912,0,0,16.7414,19.3585,0,0,0,15.3433,0,0,1.31427,0,0,0,0,0,0,0,0,0,0,0,4.04758,52.3747,0,0,0,0,33.058,0,11.732,0,0,0,0,0,0,0,6.01765,31.111,0,51.6044,0,11.5641,0,9.34147,13.1817,16.9057,108.806,0,0,98.2451,109.005,177.331,0,0.631434,0,95.6656,46.6195,0.388742,0,0,34.407,0,0,402.71,0,0,0,103.208,0,0,0,0,0,0,0,0,0,0,63.4292,0,0,0,0,0,90.2682,0,145.165,155.247,1.05821,25.9794,0,0,67.3337,0,524.684,0,0,730
0,0,14.6621,5.87632,0.373489,0,60.0907,0,0,25.0324,59.6011,28.9606,36.1539,0,2.29869,103.023,9.03374,50.5238,0.0230207,0.606928,0.336537,0,0,11.8356,0,0,24.5854,9.71887,0,121.339,0,1.76022,0,22.6646,0.10846,6.04468,0,0,0,8.26703,0,9.51253,0,0,70.3203,0,0,33.4248,0,5.66384,0,0,0,0,0,0,0,0,0,12.461,0,6.56286,0,0,0,0,0,0,15.474,0,0,0,0,0,41.9815,61.8748,0,0,4.68865,0,0,0,6.55312,0,3.08273,0,0,0,0,0,0,0,0,0,0,8.3165,0,0,0,0,0,0,199.21,0,0,0,0,0,470.906,0,0,0,0,0,0,0,0,0,0,0,0,0,0,0,0,0,0,0,0,0,0,0,0,72.8983,49.523,929.477,19.9706,0,0,0,0,0,0,0,0,0,0,0,0,0,0,0,0,0,0,9.02215,0,0,0,0,0,0,0,0,13.0078,0,0,0,5.22738,0,0,0,0,0,0,0,0,0,0,0,45.3606,10.7495,0,7.94417,0,0,0,0,0,22.4939,0,0,0,83.0299,0,0,0,0,565.551,54.289,16.8264,27.1698,0,0,0,0,0,0,0,0,0,6.78972,0,0.34774,0,0,9.56027,0,0,0,0,297.367,0,148.449,0,0,0,0,0,0,0,0,0,0,0,0,7.80588,0,0,0,0,0,0,0,0,0,0,0,0,0,0,3.97952,4.66207,0,5.72313,0,0,0,0,0,0,0,0,0,0,0,125.159,25.876,0,0,0,0,0,0,0,0,0,0,21.8185,44.5557,6.85663,0,0,19.7045,0,0,24.574,0,23.985,0,0,7.11968,18.3512,0,0,0,49.5175,21.3953,0,0,0,0,0.456191,0,0,0,0,0,0,0,0,46.4602,0,0,0,0,0,13.0487,6.72513,0,9.81562,0,0,86.9445,0,0,5.39681,0,0,0,47.7421,0,0,0,0,0,0,0,0,8.44142,8.40424,7.81858,0,0,0,28.0905,0,0,0,20.5171,0,0,0,0,0,0,0,0,0,0,0,0,0,0,0,31.997,0,0,0,0,0,0,0,0,0,0,0,0,0,0,0,0,0,0,0,0,0,0,0,0,213.407,16.1292,0,0,0,0,543.004,18.8275,9.20207,680
0,21.6424,62.5026,17.1591,0.824948,0,34.8069,0,0,18.2021,114.875,0.0106453,0.0377754,0,0,58.4494,0.643845,27.6827,0,0,0,0,0,25.4197,0,0,0,0,0,77.3074,8.06607,1.77755,0,0,0,0,0,0,0,0,0,0,0,7.74062,22.9679,0,0,0,0,13.2866,0,0,0,0,12.3783,0,4.13458,0,0,0,36.0882,16.0014,0,0,12.0166,0,0,0,0,0,0,0,0,0,0,0,0,0,0,91.5365,0,0,125.986,116.597,89.1349,0,0,0,6.16387,0,7.0579,0,0,6.29374,0,9.48019,0,0,7.31266,0,23.02,0,372.047,0,45.1766,6.52648,8.47917,0,83.8769,0,0,0,215.473,8.5872,0,55.2818,38.6636,12.4642,0,0,0,0,29.8481,0,0,0,0,0,0,26.4986,6.48933,14.5899,0,275.827,136.057,152.548,84.663,29.5948,0,0,9.60376,0,0,0,0,0,0.749747,43.329,33.8303,0,0,0,0,0,43.3278,0,0,14.2727,13.5581,0,0,5.26794,0,85.1628,91.761,0,0,0,80.6933,48.7011,0,0,0,60.3747,0,0,0,0,0,0,194.823,93.6768,44.847,83.7656,59.3608,0,8.53989,0,0,127.307,77.75,0,0,242.479,15.8706,23.8866,8.47099,21.8319,1374.87,162.026,104.684,182.563,0,5.69173,33.6883,0,0,0,0,30.3338,0,48.2041,0,0,0,9.18852,31.3981,0,0,0,0,144.098,18.303,472.059,189.884,46.6598,32.7107,62.7301,24.3382,40.0352,0,27.0923,0,0,0,0,144.652,66.7824,0,0,0,0,0,22.2653,0,0,0,56.2853,0,0,0,1.98926,37.8727,0,0,0,6.82617,0,21.5449,0,0,0,4.99108,0,0,0,45.6849,127.254,35.5972,75.5872,0,0,0,0,0,0,0,0,237.056,0,0,0,0,97.8595,0,0,0,39.9642,266.808,0,0,89.5716,154.73,0,0,0,0,0,0,58.1605,95.7679,0,0,0,0,0,0,0,0,42.8611,31.9183,0,0,0,48.0347,0,41.1468,0,0,0,143.226,0,240.325,424.99,7.90513,0,44.6014,0,0,0,783.521,331.507,172.196,56.9623,36.1909,0,0,0,7.67415,11.6647,0,15.1693,0,0,0,6.19335,37.8836,6.20175,7.48109,0,0,31.4441,23.2422,30.3246,0.399015,0,0,0,0,0,0,0,12.0059,0,0,222.6,0,84.6533,0,82.8386,9.0106,0,78.244,12.4297,13.0051,31.5492,0,0,0,0,15.3438,6.60583,0,0,0,0,0,0,85.62,43.5481,0,236.25,13.8282,0,43.5816,0,0,16.7082,53.0657,720
58.2493,0,40.2476,0,0,0,0,0,0,5.94407,214.866,0,15.1842,0,0,3.34576,0,0.218217,0,0,0,0,0,0,0,0,22.9617,0,8.56221,155.886,0,28.0682,0,39.8678,0.0611497,3.00321,0,14.8119,0,12.2758,0,24.6047,0,0,0,0,0,0,0,6.52262,0,0,0,0,8.96772,0,0,0,0,0,46.4719,0,0,0,16.8317,0,0,0,0,0,0,0,0,0,32.9127,17.2215,0,0,0,0,0,0,22.5162,13.801,20.0084,0,0,0,0,0,26.0872,0,6.95465,0,0,9.19231,0,0,0,0,0,0,527.56,0,45.6912,17.5398,10.4567,0,177.909,0,0,0,17.716,40.2465,0,106.296,38.1471,9.96905,0,0,0,10.4576,41.0722,0,0,0,0,0,0,39.7862,5.59013,16.594,0,339.078,164.547,164.088,96.8336,44.8325,0,0,0,0,32.4449,0,0,0,67.3426,46.2503,16.9112,0,0,0,1.7441,0,0,28.065,0,0,37.4245,6.77767,0,0,0,46.487,108.829,0,0,34.6387,98.0136,55.5969,16.6259,0,0,48.3327,23.466,0,7.65788,0,0,0,251.279,104.735,35.6663,95.0057,67.9172,0,0,0,0,132.874,38.5882,0,0,299.572,29.421,22.3981,27.0992,0,1282.9,220.284,122.64,184.029,30.2127,9.21314,10.6704,0,0,0,0,8.29716,9.53735,53.2894,0,0,0,9.26323,42.0452,0,0,14.9137,0,9.80403,0,507,199.976,33.9185,9.02309,57.5073,29.7813,10.9688,0,21.6367,0,0,0,0,159.696,89.0776,0,0,0,0,0,15.648,0,0,0,29.2887,0,0,0,0,37.471,0,0,0,0,0,28.5487,0,0,0,11.9658,9.45931,0,0,16.5278,152.049,61.9134,0,18.3796,0,0,0,0,0,0,0,194.073,7.80407,0,0,0,13.981,0,0,8.88198,55.5673,11.8729,16.283,0,53.9316,143.62,0,0,0,28.4975,0,0,64.7052,38.1297,0,3.75157,0,0,0,0,0,0,0,0,0,0,0,44.3053,0,0,2.36369,0,0,25.9903,0,26.9415,336.604,0,0,52.9331,0,0,0,180.234,8.26517,7.42538,0,0,0,0,0,0,16.0379,48.7574,0,0,0,0,4.70922,15.5734,0,6.12418,0,6.71692,17.1289,0,7.51087,0,0,0,0,0,0,0,0,0,0,0,131.263,0,0,0,42.7064,0,0,0,0,0,0,0,0,0,0,0,0,0,0,0,0,61.5893,0,179.798,229.134,374.487,0,0,7.45078,0,0,0,0,14.3395,890
0,17.7914,179.618,165.509,118.475,39.9539,262.76,29.4517,0,41.9798,607.757,207.774,97.4213,84.9359,12.4581,22.2656,34.1321,209.743,0,17.0185,11.5317,0,0,74.868,14.6267,0,40.0042,0,24.24,313.189,49.6076,127.418,0,120.197,0.0567945,0,0,9.89176,28.1642,0,0,22.3003,0,35.2922,96.5904,0,0,0,0,72.4144,0,0,0,0,0,0,0,10.5984,11.1716,45.4923,73.4472,11.1371,0,0,73.8596,0,0,19.3454,0,28.4498,340.564,0,0,0,0,0,71.6633,0,30.681,42.196,0,0,93.1152,113.2,84.109,0,0,20.5555,9.6935,0,40.8901,9.02339,38.6883,31.9552,36.4979,25.8785,11.1006,7.24304,49.5856,0,25.1265,0,1059.04,0,56.6968,17.4339,12.0302,0,132.69,0,0,0,298.566,11.5137,0,89.7972,50.2761,23.5237,0,0,0,8.6319,37.7769,12.0277,0,0,0,0,0,64.0518,0,23.2763,0,422.689,192.848,188.771,136.766,52.3261,0,71.7878,0,0,21.0734,49.2749,0,0,0,69.1784,19.4636,0,0,0,0,0,13.2282,0,0,0,0,24.0687,0,0,0,113.24,173.156,0,0,0,83.7386,62.7304,0,0,0,106.285,41.6693,0,0,0,0,0,368.38,142.56,52.3185,132.38,113.327,0,0,0,0,203.397,53.0105,8.58916,0,382.392,40.5257,11.2679,0,0,1671.83,218.293,127.155,250.303,0,13.3441,0,0,0,0,0,25.9533,0,62.5239,0,0,0,12.6706,44.939,0,0,18.6302,0,93.7082,0,649.778,265.615,71.3956,2.59755,49.7758,41.5658,12.1829,0,12.5476,0,0,0,0,214.886,80.1512,0,0,0,0,0,63.4908,0,0,0,72.1059,0,0,0,27.5216,48.4014,0,14.9246,0,0,0,33.4851,0,14.4456,0,0,11.4915,0,0,0,190.697,45.8277,56.9213,8.94753,0,0,0,0,9.1082,0,0,268.202,0,0,0,0,38.5695,0,0,0,77.0954,7.02404,0,0,110.357,248.862,0,0,0,0,0,0,0,39.7073,0,0,0,0,0,0,0,0,0,13.4859,0,0,0,82.1846,0,0,0,0,0,7.0782,10.6714,143.538,697.068,0,9.48164,77.4665,0,10.175,12.7354,549.417,223.888,113.729,14.0756,10.8546,0,0,0,0,0,0,0,0,24.283,0,21.626,10.5237,0,51.4966,0,0,0,0,0,0,0,0,0,0,0,0,0,0,1.94722,0,0,0,0,0,0,0,0,0,0,0,0,0,0,0,0,0,9.08911,0,0,0,0,23.8229,0,0,0,415.261,0,0,0,0,0,28.7929,0,8.66804,570
17.5479,8.17578,368.934,456.607,292.677,190.032,381.115,148.445,58.6543,163.187,3222.01,1460.72,1035.58,529.39,701.223,907.248,416.756,509.68,114.192,167.073,492.645,89.9038,170.855,275.079,125.29,5.00089,56.0982,45.6117,1.7483,949.778,569.429,610.221,174.109,505.4,291.276,56.9558,459.309,0,369.764,69.448,35.3568,26.4317,111.785,494.243,0,161.773,57.1437,0,496.646,539.021,115.963,74.3275,228.804,0,133.347,46.9603,90.3476,244.383,195.045,0,60.5238,26.2933,254.511,172.129,579.749,0,0,3.49248,4.40705,578.282,0,0,0,0,75.2502,70.551,0,0,1.9106,0,0,269.232,35.3308,30.1148,28.0912,0,0,438.29,346.03,2.47997,626.95,300.089,465.188,598.085,664.53,149.735,553.332,250.38,758.324,468.279,230.433,400.828,6545.36,257.079,646.929,335.578,351.767,113.581,47.4698,414.795,337.214,405.995,5929.36,378.235,156.88,559.256,288.965,207.34,92.5472,112.881,48.6705,143.066,273.534,132.015,104.667,36.196,48.4548,31.7018,327.196,331.194,123.669,151.935,500.627,1470.99,748.981,9.60492,579.769,221.492,211.276,0,91.4533,356.581,0,0,349.764,186.708,0,251.384,246.908,90.1228,369.665,202.68,432.278,38.5659,150.092,50.6627,105.937,122.936,4.39202,193.105,89.484,86.3474,56.8191,894.311,701.365,50.1409,53.1043,0,532.214,270.655,113.732,35.9028,14.3722,383.943,206.056,537.124,128.781,113.52,67.4066,162.949,1168.34,612.868,239.884,436.632,395.861,87.0901,486.743,219.559,101.376,721.223,402.884,62.3259,43.9261,1261.55,176.15,151.786,130.056,190.2,3341.21,420.323,437.813,727.407,12.8165,39.5792,142.168,121.102,316.951,77.9745,0,119.539,47.9007,183.403,19.3662,34.2547,0,72.8426,169.822,306.409,486.461,167.276,503.244,0,14.6972,1793.47,816.227,391.249,128.136,302.731,110.206,306.902,0.872167,98.0769,58.7701,0,51.0875,0,804.676,256.047,322.325,27.5955,53.2217,0,35.1816,125.023,55.3862,52.5893,156.391,996.084,707.664,479.652,134.716,39.7858,495.103,126.579,192.555,42.5775,22.3813,148.872,233.854,70.5951,102.918,76.0317,85.9303,94.6793,34.5483,49.9008,7.29742,662.217,249.774,1776.81,238.337,60.9973,5.46514,0,0,119.802,43.1155,68.3889,1227.87,197.406,58.4042,65.3588,86.539,350.376,18.121,44.9482,118.103,325.895,132.708,126.988,273.269,324.674,1115.8,117.068,89.0717,0,366.43,127.242,27.7202,65.2702,448.115,0,4.59015,46.5276,0,0,0,16.5771,0,90.2384,1359.72,57.7947,172.686,23.398,694.147,177.066,87.5532,34.6833,13.5219,102.167,146.739,206.934,1484.7,2307.95,210.093,262.681,384.685,271.794,0,245.645,11773.8,5721.98,2671.62,2037.22,1570.9,552.749,277.969,167.041,47.9345,8.41982,17.0736,12.5073,490.61,3.69283,106.699,0,41.4397,0,7.65357,835.821,154.794,39.4425,50.8295,47.1609,111.946,35.0948,91.668,0,0,224.476,0,0,0,254.891,0,75.4325,79.8508,46.0791,531.237,29.0419,469.045,0,125.233,64.9153,46.1217,121.418,50.3937,69.7495,22.043,60.2615,0,144.092,71.666,90.8651,0,75.0015,0,50.1168,31.7134,11.4517,0,0,618.88,0,331.038,186.733,0,210.332,328.263,790
25.5895,0,285.269,256.483,95.6507,70.9753,181.141,12.4959,0,66.7133,1203.02,674.53,152.783,72.5938,206.886,399.578,251.624,255.225,24.6889,111.016,108.708,44.5714,23.1025,82.3964,69.7472,0,10.179,6.9857,0,476.871,201.414,294.027,31.5878,234.7,0.242404,4.42843,152.847,0,95.1413,38.7167,0,35.3943,0,173.039,18.6487,45.3402,46.6064,0,7.50033,144.686,28.5379,108.387,39.4172,0,41.2482,5.86222,6.82823,18.8803,70.1329,0,77.6979,23.6157,0,0,161.626,0,10.6615,18.2484,5.85555,120.05,0,0,0,0,0,0,0,0,27.3488,0,0,27.6474,16.9236,25.3416,11.2301,0,0,48.0693,65.8137,0,168.66,63.1409,52.9445,57.088,73.4697,45.6959,56.3956,54.732,205.113,15.8558,41.659,47.3579,2147.73,47.9785,249.494,123.035,115.981,29.6724,223.807,37.573,61.7915,49.0543,1585.6,130.766,62.0663,297.278,148.942,91.5932,42.4026,39.3453,8.40021,61.1173,135.194,62.2656,52.5964,8.50915,24.4633,14.9282,23.7062,152.124,38.6606,87.7198,13.4843,917.699,485.096,417.825,338.116,156.627,61.5526,0,50.4953,6.126,31.2745,3.80158,32.7707,0,89.3139,140.961,98.6714,50.5287,0,5.67029,35.6488,7.51812,62.2441,6.65412,61.1415,17.9553,71.6731,104.845,72.6751,28.745,0,416.548,431.059,26.3217,28.1394,0,333.709,186.342,44.5933,14.5851,0,260.04,136.15,17.3365,90.2157,83.1694,9.8322,79.4914,825.048,420.101,156.549,316.878,280.884,47.8124,167.232,86.7663,48.7737,488.729,243.4,21.8933,7.96889,932.93,110.172,103.678,78.4377,43.2385,2812.96,407.76,287.344,540.143,0,44.374,65.9401,193.9,28.1262,0,263.946,87.0124,29.0438,144.229,0,0,0,64.0529,134.622,8.62752,34.3412,110.359,22.9753,44.699,32.8155,1318.68,675.899,268.985,119.197,219.874,112.651,179.94,0,83.4602,0,0,30.3694,0,529.71,210.378,89.4679,34.1361,0,0,0,99.127,29.4072,34.3715,0,418.729,125.804,46.2701,21.0166,19.7851,309.413,60.3608,16.8022,24.5707,0,77.8784,152.147,8.5825,45.2897,41.202,60.9931,80.308,34.5055,0,10.5476,503.013,189.887,657.679,148.566,56.0661,70.1269,23.1614,0,97.4975,24.9556,32.6405,870.895,919.389,286.171,43.7858,34.9522,185.483,150.963,290.998,562.128,222.133,0,430.741,0,270.521,654.712,69.0332,14.6548,70.2137,1269.71,666.149,197.307,51.5116,356.745,58.4389,3.67458,0,0,0,0,0,28.3059,0,575.353,6.63092,10.4852,192.07,436.429,30.87,0,0,24.7528,271.936,52.4785,115.452,1339.82,1484.89,110.165,98.7325,243.861,56.678,46.3286,116.889,5186.61,2490.94,1188.22,933.403,615.506,168.189,21.0056,0,37.5548,0,0,7.15539,24.9311,0,124.517,49.7867,17.8152,5.56901,0,1214.65,161.79,0,0,0,107.26,68.0652,234.2,400.085,218.93,226.228,237.632,49.0635,21.4335,79.0268,0,0,87.4707,57.7332,236.238,71.0836,247.488,0,66.497,20.1885,19.4696,108.72,0,41.6372,0,53.0288,0,51.1305,0,28.9164,105.724,100.088,12.3942,24.2148,159.814,215.345,0,28.6019,455.692,51.2356,214.174,128.902,0,156.036,296.177,1750
30.8434,0,130.295,146.951,48.7087,19.6445,140.834,21.5966,2.92972,107.243,753.125,433.016,157.792,104.23,140.738,313.587,169.412,198.466,0,48.7199,34.4443,32.1419,26.0926,72.8949,27.8165,0.216659,72.6057,0,11.2261,400.15,117.83,181.037,13.8438,145.864,12.0328,68.0384,72.2877,0,59.2959,45.637,0,0.007418,0,95.1639,0,25.3216,44.9694,0,102.553,98.5791,6.61611,4.49847,23.2812,0,53.6936,15.6617,20.0272,0,37.2136,0,37.8878,7.57619,145.877,100.275,106.829,1116.75,0,15.7283,0,76.3998,0,0,336.056,224.394,0,0,0,0,31.7396,4.77589,0,43.4319,65.6828,0,10.4413,678.359,913.587,56.0718,48.0569,0.238459,185.051,64.2327,82.0631,93.749,90.9337,17.3987,74.721,22.1441,200.125,47.5591,79.8748,18.4188,1556.8,13.425,273.436,148.533,137.02,45.4082,32.2626,41.1055,12.6393,0,1096.79,157.276,101.689,242.177,143.752,76.1016,45.0664,38.8507,0,46.6269,106.015,59.3543,48.2929,13.7664,26.8593,0,189.494,180.691,53.5114,88.988,0,868.517,388.243,33.6665,315.1,109.629,91.9421,0,50.0193,281.288,0,40.4357,15.7244,99.5215,0,129.145,139.186,61.0106,315.084,2.01406,31.8569,18.158,0,0,51.2041,0,0,97.1784,44.4376,39.5622,5.74992,332.933,404.99,43.857,23.5164,0,295.292,176.455,66.9478,25.3224,0,223.107,117.595,1.11154,76.7822,79.3335,31.8672,71.1069,704.005,377.165,138.559,250.248,202.105,43.4979,219.357,97.3866,46.5273,468.077,330.152,28.1942,27.4251,768.263,168.721,93.629,113.606,0,3052.83,431.529,339.821,507.629,0.0655832,18.0819,196.765,241.964,163.914,0,88.3433,90.5254,43.297,128.111,0,0,0,63.1659,130.346,0,0,114.655,57.2188,5.33644,45.8176,1141.78,509.697,253.686,100.807,194.291,96.2488,174.061,0,108.141,30.7994,0,60.4783,46.031,544.519,213.599,42.7624,77.106,18.5675,58.7505,0,82.4056,18.1844,38.0131,0,287.45,101.424,34.0011,11.2763,2.98927,257.877,60.7569,5.34617,19.1312,49.0449,79.3966,149.945,72.3021,51.3425,49.7726,73.53,93.0527,73.1484,0,36.4111,444.647,157.05,435.044,160.906,60.6218,64.5188,24.1926,0,67.2721,29.3637,35.9506,767.233,876.176,326.103,22.2289,35.3888,13.4419,140.196,295.471,520.339,201.739,35.4287,466.706,99.0051,233.519,643.691,60.5351,47.326,57.9605,1159.72,613.208,213.577,11.6906,308.745,59.0611,0,112.697,79.224,66.4165,17.5132,52.1818,15.6898,48.0206,259.986,10.5118,0,196.57,435.532,5.70125,42.9869,0,2.90753,280.091,4.72097,139.795,1008.81,1216.4,88.3434,73.996,175.04,115.137,0,81.8803,4208.44,1646.99,1135.32,897.811,437.887,254.786,91.2212,22.0772,0,16.7302,0,7.15522,18.9148,0,6.80064,0,64.9726,27.2991,7.38674,1344.79,250.84,96.4231,101.98,144.614,15.1368,0,307.017,0,0,19.4784,36.6591,0,0,44.7667,0,79.3485,60.2488,1.38033,105.152,3.76273,70.7548,14.7262,0,0,5.19907,9.32396,0,0,0,0,798.813,54.0684,28.7165,60.6812,115.03,84.7526,137.335,107.227,160.817,260.273,2.88135,0,204.817,0,130.644,68.2302,2.15571,95.1574,44.5095,1380
28.5356,0,230.107,287.216,141.645,106.572,183.673,71.955,5.01252,129.59,1080.27,584.134,318.582,274.536,189.644,470.573,290.293,329.159,24.248,81.2925,109.132,30.1286,62.9222,93.3483,51.1201,0,48.769,12.8136,0,514.269,127.525,249.126,29.6773,250.942,34.9345,3.82557,147.968,0,99.5655,112.453,37.1972,52.5969,16.6376,151.403,50.1785,45.8152,20.6605,0,184.989,124.218,21.4502,40.7622,48.6084,3.42349,69.6545,24.9875,38.8771,26.8529,45.9589,5.50791,21.0363,14.4077,0,0,141.264,0,13.5761,0,0,110.298,0,0,0,0,0,0,11.0923,0,0,0,0,51.3088,36.0386,22.5619,18.7203,0,0,98.9005,72.3749,0,216.9,57.5636,146.224,166.389,168.701,48.4721,120.107,46.4265,208.165,72.4682,83.4644,18.9881,1873.83,29.1667,165.301,84.4175,66.484,23.87,96.5487,16.0032,53.3885,32.9319,1235,76.8144,35.4499,214.517,110.29,58.444,33.9967,31.0658,0,64.9157,108.897,54.9663,29.3105,7.16862,0,12.7525,37.0854,122.646,43.4494,46.9416,0,689.293,328.859,143.528,250.304,102.792,46.1822,0,41.9054,0,0,0,35.5307,19.7309,0,109.054,67.6007,33.5496,0,0,55.3413,0,0,0,35.7115,0,0,57.3651,46.5472,7.24017,0,328.897,332.205,18.5066,21.4975,0,248.114,142.851,41.7574,6.32167,0,180.56,104.431,15.4298,55.1865,78.0335,19.9346,38.8397,616.461,305.431,148.186,239.108,208.883,41.2647,114.583,60.192,28.9996,372.655,271.722,29.7968,13.364,787.978,144.954,116.579,88.0189,13.3707,2838.39,309.722,295.801,446.142,0,34.1808,153.747,0,85.1345,0,0,87.5,26.7124,134.221,0,0,0,75.288,117.207,0,27.8342,72.905,69.392,138.853,36.9622,1028.31,502.123,233.115,80.956,197.542,80.3777,166.6,0,91.3752,22.4993,0,42.4511,36.2161,439.551,187.465,26.4075,22.9615,0,0,0,55.9731,14.395,33.8474,0,289.706,126.319,47.4459,14.8095,3.97868,222.436,49.2965,0,14.215,0,94.9833,117.928,69.9305,49.3138,42.1827,45.6894,62.3051,66.8808,0,66.5097,382.669,141.326,495.912,139.871,43.2012,64.285,6.54481,0,69.8955,7.25926,19.153,704.643,982.246,352.872,35.8631,36.9823,0,152.308,266.353,600.496,191.409,23.6151,448.641,96.059,193.123,520.527,38.8157,15.8862,81.3755,1316.11,723.96,220.109,61.2591,284.749,79.5054,0,0,0,0,0,0,25.8405,0,411.518,1.21738,15.609,209.669,445.913,33.8194,8.03801,0,0,275.855,33.5336,145.057,1089.37,1128.7,107.139,56.9665,207.198,97.9609,0,98.6205,3580.98,1674.96,680.277,614.791,446.323,125.568,48.6795,7.93126,0,3.377,0,0,4.83476,96.7133,96.4565,123.435,170.712,94.6991,253.132,1167.76,287.97,156.955,164.932,172.297,63.1774,0,288.827,419.269,238.523,222.542,94.3162,0,37.7373,67.8713,62.7161,252.995,96.0559,105.701,194.407,119.448,176.003,6.55138,9.55353,0,0,50.4179,0,0,16.8009,6.76028,116.604,63.3253,27.8115,91.3431,227.131,92.2294,84.4129,36.5863,233.498,224.585,2.70642,170.441,765.376,46.3477,351.61,143.913,193.53,277.395,434.337,1130
0,0,195.12,193.637,79.2539,51.9309,63.1547,75.3253,0,52.3624,907.294,435.788,61.6677,86.3691,28.611,122.672,95.1119,192.386,13.3792,41.6047,6.56128,0,28.851,82.3165,20.7157,0,0,24.2616,0,331.103,99.5639,217.85,0,106.642,3.32854,0,55.9938,0,56.3885,0,0,0.580075,0,78.2794,54.6395,12.665,39.6191,12.7103,0,52.2797,0,0,6.65999,66.2234,69.4628,14.9966,14.7437,5.23701,40.6868,0,241.698,63.137,0,0,93.9888,0,70.0613,0,0,54.8445,0,6.96512,0,0,0,0,0,0,17.9501,75.9156,0,8.38381,109.252,102.516,82.7327,0,0,34.7811,23.2368,0,80.0148,49.7094,37.9565,61.0038,49.5359,20.6759,25.2437,17.928,106.641,0,29.7261,0,1532.61,0,152.624,101.244,90.8689,23.0588,428.156,10.8117,6.75684,0,813.797,99.1105,27.7356,227.353,119.691,77.6511,31.5062,29.4441,0,66.3074,182.736,81.7253,23.4825,7.28557,29.275,0,31.7491,132.992,27.9513,61.0007,0,875.941,461.217,921.954,320.661,119.685,34.3247,0,25.2166,0,17.2033,0,6.95391,0,0,152.158,96.7746,26.9992,0,0,3.37796,12.2826,70.4895,0,59.9331,24.8339,16.088,82.5098,41.908,12.8209,0,376.572,431.139,13.8915,10.3035,39.09,363.72,170.935,32.4559,0,65.2036,217.738,115.809,0,62.8854,63.0591,12.4305,65.4867,810.669,389.316,151.333,298.742,262.16,44.6078,104.517,58.6391,24.2064,501.598,256.097,21.9618,8.93483,932.092,133.345,137.3,67.0922,16.0073,2946.86,403.896,258.392,552.971,76.3396,41.0409,83.0613,0,0,0,107.385,81.1542,30.235,117.252,0,0,0,23.118,139.525,0,0,78.2236,30.529,153.853,9.31858,1391.36,666.753,247.548,97.4875,264.512,99.9511,156.245,0,104.109,25.8032,0,29.413,0,576.238,178.926,33.9638,36.0068,24.2922,30.6177,0,89.429,12.8759,23.4103,0,427.586,102.401,24.8318,9.06554,28.9879,265.291,50.1239,153.446,9.53315,1.22575,82.6393,118.941,10.9625,41.293,45.0231,47.4459,78.951,0,0,152.203,447.258,159.099,491.55,135.49,57.0069,60.5639,23.3528,0,77.6276,17.974,27.269,711.476,1069.74,356.645,28.0026,19.8344,254.561,160.564,318.939,672.973,222.603,66.9585,470.246,0,251.633,631.573,52.0064,17.5533,79.8206,1393.78,725.797,232.409,0,245.055,70.015,72.3773,0,0,0,0,0,0,0,306.36,67.5981,0,171.306,418.625,0,25.4626,158.904,45.0483,279.42,42.2685,90.5881,1678.2,1597.42,100.393,126.564,237.458,32.9334,97.3365,108.512,2134.52,1072.5,510.903,307.065,201.49,10.073,0,0,21.1057,16.1925,61.0194,0,10.468,8.62225,57.0754,110.805,0,0,0,791.969,52.2211,0,0,0,35.7065,0,142.334,0,0,82.6891,17.9671,0,10.5866,43.5489,39.7833,105.699,35.6344,0,140.123,0,156.574,0,24.6255,0,0,53.892,0,0,0,18.4849,0,38.0945,0,24.2975,99.201,131.984,0,5.89509,0,0,0,157.258,396.709,0,292.181,112.13,655.155,162.705,317.903,1445
0,0,528.449,522.303,309.829,261.307,276.466,108.398,35.0861,155.045,2883.03,1780.91,556.795,307.981,206.439,952.784,352.065,476.371,94.071,149.672,344.671,23.3734,106.698,253.864,153.304,1.30647,50.0981,35.9981,47.3174,922.067,434.251,590.277,173.932,636.007,63.1237,0,376.982,49.8071,269.619,0,0,13.6726,79.6929,426.058,40.2658,138.873,0,9.90025,199.115,275.019,40.7623,93.6998,165.274,77.0259,119.731,43.3694,62.1554,64.54,124.536,0,195.816,57.368,0,0,370.092,0,108.918,0,51.0541,335.512,125.032,0,0,0,0,0,0,0,13.596,0,0,126.224,40.3131,38.8157,35.7238,0,0,239.231,214.227,0.54114,432.87,197.238,298.667,346.121,389.882,131.629,357.499,80.4965,479.794,231.862,186.123,247.136,4554.66,157.107,504.291,264.284,241.566,116.961,171.495,116.139,165.54,222.823,3060.96,250.449,116.481,628.555,311.458,204.007,115.598,121.805,57.0468,191.254,318.068,151.918,92.8531,47.2851,65.9367,22.7874,87.1839,398.224,129.898,212.175,0,1916.83,1083.84,256.983,711.534,358.549,133.098,0,122.215,53.7537,4.49608,4.14579,169.662,82.4206,0,366.6,272.868,105.598,67.5201,44.7213,162.666,53.8503,0,0,141.408,0,6.88451,267.209,148.423,86.5404,123.777,1140.53,1243.29,82.8551,82.8755,0,812.164,491.444,181.923,58.3489,0,632.915,303.457,200.012,214.301,192.532,97.7597,263.851,1898.21,1025.33,482.339,734.765,635.377,146.594,505.108,291.751,178.66,1282,629.787,84.6691,75.3821,1951.44,277.318,254.754,146.037,33.5322,4218.36,622.709,538.356,1100.17,125.051,82.1517,115.823,550.175,427.374,393.323,414.49,139.223,65.6606,232.404,116.352,143.939,0,86.1611,204.224,242.932,295.809,216.386,247.912,166.106,57.5427,2619.27,1371.5,624.362,174.489,433.44,151.514,440.171,0,140.783,22.3915,22.5525,60.1087,0,1329.86,342.819,322.488,98.7925,12.7356,0,0,201.429,46.5506,109.498,68.2903,1061.7,459.309,300.137,83.9331,35.5074,681.664,243.846,6.52557,82.359,125.432,254.292,379.89,24.8761,85.2122,80.8668,102.118,169.318,36.465,14.8867,37.1534,1224.05,448.924,1634.91,335.332,152.158,0,0,0,211.345,79.0037,105.74,2116.34,20.3529,0,98.8484,198.651,197.187,5.9727,7.86398,56.3862,501.423,8.44344,68.0368,516.878,513.135,1758.4,226.809,168.77,0,225.859,81.491,7.13712,0,651.623,0,0,13.0842,0,0,0,9.63334,0,59.9523,1192.65,66.7612,126.252,0,1257.32,146.826,52.2338,165.337,0,313.844,23.9586,397.716,2012.31,3696.46,341.014,472.703,562.828,260.763,0,403.069,14265.4,6718.18,3183.79,2426.16,1833.05,497.969,288.566,126.86,18.5853,9.05984,92.6512,28.7446,315.496,0,116.287,0,0,0,9.36337,1973.31,275.291,0,0,0,105.054,0,210.998,0,0,256.453,205.249,33.9148,14.6495,374.416,0,71.5134,244.38,0,841.102,0,650.473,246.176,475.696,312.486,227.477,707.388,261.365,309.708,237.439,241.909,17.9757,307.714,346.627,317.698,305.78,281.242,37.4025,329.86,10.334,14.4842,220.154,355.645,1658.05,48.9865,662.921,378.363,14.0569,454.045,696.167,1860
11.368,0,340.936,332.457,197.291,137.969,136.214,26.5485,0,102.032,1462.74,957.205,217.054,101.572,127.927,550.344,231.864,320.706,23.2328,112.049,96.0077,0,67.5801,158.695,72.5958,0,25.0443,29.6709,16.2523,528.354,208.692,341.884,38.785,193.338,19.1712,0,163.177,0,99.8652,0,0,0,31.3275,215.041,54.7309,62.8108,0,0,0,130.165,8.57374,0,71.6581,219.321,178.356,71.8713,112.028,51.6936,69.6818,0,262.23,65.6052,0,0,181.897,0,8.11296,0,0,141.466,0,4.43525,0,0,0,0,0,0,4.16204,0,0,61.2135,30.5091,0,9.68049,0,0,78.1045,74.3584,0,286.194,69.7984,93.8439,106.584,107.086,45.4669,91.5562,60.7865,313.98,53.3988,106.199,41.3171,2093.88,29.4522,244.597,143.453,98.9981,59.8239,342.145,51.0913,69.3228,0,1753.52,108.343,62.8307,345.162,200.559,107.362,55.5692,61.0621,17.1282,85.8813,176.607,92.1418,49.1554,16.8092,38.732,13.4994,42.3056,170.599,61.2844,93.8315,10.6817,1095.66,556.401,672.626,407.013,196.953,73.3806,0,59.8849,0,10.9726,0,83.5415,23.3849,0,172.884,142.826,62.7876,8.23033,13.5933,63.8247,18.757,16.3951,31.0256,60.9393,6.91817,0,123.643,73.5542,40.7529,31.9173,526.858,564.706,69.8243,38.8834,131.262,420.221,247.641,51.6573,38.4485,5.98269,304.647,158.892,13.4425,110.791,87.981,46.967,96.6667,942.287,547.697,226.816,359.416,310.568,70.0889,185.321,119.148,77.0187,564.269,464.838,55.246,18.3336,958.404,204.088,97.8171,138.056,0,4276.19,542.896,397.885,599.808,61.0683,13.6562,248.31,318.203,174.932,0,115.372,132.774,57.0136,170.55,0,11.8021,0,68.9411,171.126,0,16.5587,135.939,131.614,160.911,83.226,1376.33,712.245,315.774,140.856,263.322,149.684,203.214,0,132.933,58.875,0,78.5909,29.2073,671.121,291.224,55.1565,90.8828,34.8081,86.0244,9.06913,103.408,20.1555,36.6231,0,404.451,140.79,41.0063,27.9176,61.1521,326.025,99.8359,84.8528,20.4859,0,105.285,158.911,89.0888,72.3747,75.8085,61.5949,121.236,112.81,0,88.1944,584.934,201.553,703.739,129.449,73.4807,0,0,0,112.835,18.6637,42.9865,986.215,221.073,81.7527,47.5956,59.4065,148.822,58.5206,115.484,235.219,293.298,7.84799,201.131,193.783,277.461,815.709,79.3103,64.7623,0,588.973,321.399,74.4939,0,301.601,18.9022,119.777,25.7667,0,0,0,7.18785,0,29.3848,422.864,84.1554,0,94.4398,521.695,25.7999,0,14.124,221.754,200.723,55.8945,160.896,969.463,2012.62,113.767,131.37,267.613,208.99,91.2935,148.228,4081.13,1624.77,1045.28,833.89,400.829,212.717,96.4579,0,7.92483,170.536,440.867,163.97,33.6423,0,19.2838,97.2017,0,0,3.97118,1119.08,98.06,6.51143,8.79298,18.6142,21.5391,22.1166,169.076,0,0,81.7453,58.9573,0,33.6994,149.603,0,147.435,111.499,0,214.767,0,185.239,71.5873,117.491,81.6245,18.4729,207.562,57.6817,61.107,37.2125,71.9112,15.1833,96.4559,105.183,131.991,184.288,165.276,0,70.6544,0,0,0,1092.52,526.665,35.0086,271.731,94.8939,588.551,191.415,121.489,1400
0,0,332.508,301.989,161.941,112.396,142.509,50.9529,6.93604,81.8,1510.16,899.449,161.355,84.0604,77.4543,371.144,147.051,303.206,22.1346,101.573,25.6856,0,65.3329,154.399,53.7851,0,0,36.1925,0,543.055,197.199,368.442,0,125.121,0.190196,0,131.461,0,91.3229,0,0,0.00665472,21.6921,187.48,67.4076,49.9658,0,23.9203,0,114.525,23.498,0,54.7857,220.025,156.052,31.4194,79.0134,0,77.0095,0,390.487,95.7352,0,0,176.313,0,0,0,6.57009,79.6448,0,0,0,0,10.4244,0,0,0,21.9798,0,0,52.555,52.6925,47.9345,42.1408,0,0,58.6264,72.6624,0,130.161,79.8211,56.939,58.355,55.4398,24.888,32.0285,61.1281,163.774,10.7049,23.3439,35.5721,2266.37,0,288.01,110.968,110.801,67.1856,530.937,36.8522,47.8134,34.0195,1340.53,137.885,57.1709,398.636,173.868,112.843,46.326,54.1632,10.4335,93.0545,205.343,85.4856,54.0284,0,12.0327,12.5513,58.9293,230.8,65.1096,122.445,0,1315.69,707.987,921.814,497.424,236.717,55.8847,0,69.2262,0,36.2899,5.74336,34.9433,39.7436,0,225.702,158.987,63.2673,12.6928,0,4.26772,0,59.41,111.769,66.4239,0,132.248,151.127,78.5354,27.9493,26.3017,642.078,694.579,24.426,71.8772,133.037,564.98,261.857,79.8093,29.9243,194.057,362.27,201.016,2.55103,101.6,84.6231,41.9346,96.0824,1276.33,656.007,273.98,466.825,382.44,70.8783,188.561,152.04,76.9429,743.178,364.949,44.0339,13.3541,1463.29,143.245,224.362,80.6343,4.28865,3530,606.862,432.887,748.551,135.481,43.0382,91.1747,0,120.13,0,0,93.4883,41.7105,173.328,0,11.7819,0,41.7982,165.526,21.6315,28.6468,140.457,108.415,151.817,11.7457,1849.01,957.416,432.053,128.864,311.875,155.016,270.523,111.794,122.688,326.399,145.397,34.1595,0,930.054,248.943,90.7935,60.806,262.14,0,150.323,118.213,73.2658,51.8801,0,386.116,230.294,43.2719,8.04992,56.6249,375.562,110.152,85.1132,36.923,0,117.54,231.276,19.2385,29.9214,32.4407,79.6918,164.274,29.6012,16.4485,184.252,741.344,228.871,800.778,234.189,72.5299,9.15157,0,42.6267,130.147,50.758,61.3025,1235.92,576.224,203.067,65.6648,52.5731,291.521,119.962,248.177,399.388,328.771,7.0182,348.914,46.337,368.257,1008.39,151.188,71.9878,0,988.005,480.869,109.672,0,396.453,11.0683,168.546,0,0,0,0,8.17838,0,12.9814,616.198,228.436,11.6894,106.29,652.437,42.2955,16.7483,0,81.7756,278.495,66.1017,176.895,1278.71,2420.66,164.357,274.69,345.436,33.5025,622.042,230.97,7231.46,3504.89,1658.35,1247.83,870.709,240.525,11.7337,10.1197,411.014,329.632,2744.93,152.469,12.7425,0,74.569,78.3594,0,0,0,1650.47,93.3448,0,0,0,49.0627,346.427,228.228,0,0,127.816,81.7493,0,31.1705,108.005,0,85.592,92.3351,0,316.625,0,254.412,16.2082,84.9322,0,0,134.614,0,16.9627,43.7592,13.9412,0,117.107,22.2532,79.0166,89.6602,213.895,0,33.6506,0,1.39723,423.182,153.079,717.03,0,324.244,178.143,762.759,220.792,404.223,1800
100.383,0,274.704,350.179,168.061,115.05,285.782,135.745,41.0802,146.993,2426.15,1168.72,569.072,448.501,499.743,756.584,354.672,391.713,127.517,195.64,211.686,0,58.1033,182.216,70.6458,54.0988,80.3187,8.52228,43.0941,643.323,283.066,484.223,112.057,769.248,263.421,100.058,301.585,129.009,226.54,113.778,26.3342,59.1605,116.597,319.592,87.5374,183.11,216.222,18.3837,61.7413,368.626,134.942,252.799,182.247,0,122.548,16.9916,65.3563,334.341,153.316,81.7291,21.0658,19.6093,0,0,493.043,0,6.61014,0,25.0325,287.246,205.98,0,0,0,49.7244,66.0326,167.293,0,0,0,0,158.127,40.9787,35.001,29.7959,0,0,227.468,250.34,0.612142,503.073,225.668,293.122,330.479,369.636,122.709,301.624,219.906,628.973,213.545,159.397,220.18,5584.58,162.297,450.46,217.736,196.176,93.9484,170.909,124.859,170.458,207.837,3260.26,199.795,91.1542,483.011,279.545,172.885,85.0945,93.4831,27.689,110.921,240.979,114.538,63.022,20.4818,43.5822,11.0016,94.9019,263.671,78.5662,123.146,0,1307.7,698.602,318.61,496.203,221.708,75.4867,0,77.4347,0,42.8469,0,236.989,71.1323,0,233.979,132.537,84.8016,7.4247,98.3046,283.836,36.1874,0,0,111.176,0,0,193.669,100.65,79.9877,50.8546,778.572,808.071,53.5372,58.2977,0,586.508,317.563,105.747,50.6286,0,409.528,205.629,270.283,134.583,116.779,63.529,161.953,1342.84,724.427,299.789,470.992,479.125,114.378,362.786,183.747,122.818,887.947,493.905,63.7626,62.2616,1476.11,207.948,188.542,123.415,29.4059,3671.66,510.342,429.871,894.841,63.0574,64.926,71.8831,396.475,180.651,179.337,136.407,116.927,56.9527,188.142,22.5311,64.4344,66.8436,62.1325,153.767,227.971,248.646,164.634,312.158,131.326,24.0557,2040.97,972.501,474.535,179.179,373.036,123.352,296.666,0,125.81,57.9649,9.64812,85.0806,0,960.569,227.652,252.886,53.7327,29.9664,0,23.861,145.705,39.0092,54.272,60.0603,776.874,438.628,160.066,71.8673,25.7177,524.89,156.499,0,23.9549,70.6503,142.466,237.64,49.0094,81.1912,75.2343,99.3829,119.455,37.3755,0,0,877.997,288.101,1210.7,299.13,162.096,146.773,77.6593,0,154.136,55.1093,72.2167,1454.93,1967.27,732.59,82.8653,138.084,8.62745,319.832,592.139,1122.28,405.319,51.3564,985.393,358.287,403.329,1270.51,153.097,103.619,151.443,2712.82,1446.1,496.519,0,441.7,135.658,0,122.848,83.9063,61.9349,0,63.8216,42.979,49.6383,913.602,0,73.3516,481.142,978.085,112.262,77.5063,0,0,553.649,9.0969,321.161,1609.14,2397.42,242.147,281.111,392.192,115.606,0,249.687,12298.3,5635.97,2675.12,2015.99,1560.34,522.112,235.613,105.427,34.4744,0,0,0,61.7216,77.8691,180.062,87.2913,17.3758,23.0277,126.422,3542.43,584.077,10.7468,16.8019,37.9162,172.635,21.7355,803.907,0,24.0842,373.432,367.327,85.2543,25.1032,269.676,42.2181,0,176.159,0,708.356,0,626.844,0,34.7066,42.8614,78.9751,118.438,19.0512,88.0545,43.3566,94.6707,17.3401,156.636,82.3809,214.444,164.776,541.314,0,88.1034,0,0,0,55.5468,940.647,45.4312,436.1,229.641,816.794,248.002,478.446,1980
0,9.21866,325.001,350.61,206.966,144.011,156.393,156.98,44.7,134.267,1634.32,997.105,352.72,251.352,181.169,604.58,295.301,342.611,614.305,124.137,142.156,12.2145,130.383,151.526,70.9993,306.507,47.5948,35.7019,35.2783,622.097,308.798,370.561,64.3332,164.51,10.1718,1.33391,192.873,0,89.2238,0,0,0.240257,22.8231,254.565,41.7099,43.7355,24.2808,21.4468,39.7642,113.8,23.6526,0,46.16,180.896,222.209,77.3704,112.985,10.9791,80.2943,9.3563,277.761,51.8043,0,0,196.694,0,83.6104,15.2242,4.80483,107.066,0,0,0,0,0,0,0,0,42.0149,0,0,54.4253,78.0184,0,27.8531,0,0,86.3329,82.1416,0,289.821,57.0152,110.385,100.996,110.233,61.2037,80.7286,54.8281,319.647,51.0312,139.303,12.5312,2291.32,55.5572,288.251,129.981,109.094,54.25,353.944,29.6934,43.2791,0,1483.43,144.094,66.7851,330.585,175.282,116.553,67.5424,74.3681,22.8922,82.6811,183.626,79.6611,43.022,22.6426,37.0665,15.0732,48.1312,180.284,51.8974,99.9277,0,1068.1,587.042,598.581,394.381,171.908,54.6866,123.499,70.0349,0,0,11.0109,60.0103,20.6886,0,189.251,124.896,78.7615,24.1732,0,56.8262,22.787,0,0,55.375,0,0,130.815,81.6656,34.3309,25.0858,527.529,568.805,51.7265,39.8487,0,407.724,224.958,56.1555,39.1381,0,317.438,161.588,54.6402,91.7447,103.29,43.89,78.2712,884.871,470.543,225.536,332.774,276.117,63.0477,247.268,115.752,82.7792,571.223,440.479,55.1897,28.5225,992.742,248.993,106.551,129.389,0,4049.33,532.997,426.511,588.305,187.042,26.1907,190.547,292.441,166.5,135.139,125.509,131.967,54.2891,146.752,23.8091,0,0,94.7153,166.519,16.6859,10.8324,119.981,90.3465,172.122,85.8363,1242.74,678.674,266.973,145.891,258.843,179.51,194.844,0,122.859,50.8784,0,65.6648,0,627.881,251.555,76.2005,93.9365,40.9709,157.132,8.21171,71.1124,44.3394,44.2614,0,331.359,85.2994,70.3115,6.67011,19.1436,277.615,101.063,0,24.7566,0,113.777,170.648,98.7706,56.4513,73.7078,61.5688,125.154,104.397,0,53.1502,559.131,226.719,552.15,167.832,69.6549,36.7668,15.8177,0,119.904,32.9878,62.8758,930.095,714.995,272.204,42.5106,70.0611,21.772,146.336,270.707,548.858,285.206,26.6893,422.945,177.282,302.235,817.747,88.4362,19.1862,40.5031,1151.65,601.654,214.134,0,262.636,58.7446,0,0,0,0,0,0,0,0,398.552,12.2819,7.81655,140.352,585.204,11.971,60.9147,0,13.8731,249.806,50.7634,170.258,812.535,1943.78,132.323,120.415,278.842,164.233,0,128.615,5903.45,2396.93,1501.37,1209.89,644.913,374.848,152.837,62.6801,26.7817,0,0,0,0,0,126.796,62.74,0,0,44.3347,1293.14,201.142,0,6.59061,6.94669,86.0248,0,248.654,289.925,152.925,217.556,135.337,6.47102,26.1869,123.866,0,500.706,120.959,0,178.618,0,194.927,6.25613,121.176,95.0219,36.2694,182.38,43.2527,58.6138,8.42041,88.0823,0,77.9732,47.5251,85.5678,60.3602,183.225,0,44.7034,0,8.81305,433.723,74.2161,587.657,0,385.167,142.88,416.758,223.86,161.391,1700
10.2112,0,387.616,415.969,222.139,188.471,348.275,138.12,67.7103,130.742,2637.58,1405.5,511.296,301.776,420.518,771.173,384.215,390.621,95.7173,206.753,373.614,74.733,297.771,217.939,105.154,0,12.163,63.64,4.79807,743.425,428.605,543.401,151.61,279.049,59.0302,0,294.495,0,233.147,0,0,12.4089,62.8032,390.192,0,121.74,0,0,169.944,448.239,73.0194,34.3807,174.716,219.113,150.071,53.0071,87.2469,63.9065,153.981,0,324.039,89.4908,0,0,442.572,0,105.204,0,0,543.269,0,0,39.3749,39.1449,8.13235,0,0,0,0,0,0,107.059,20.4535,23.8352,11.9594,0,0,148.138,243.328,0.721665,402.866,216.649,183.509,207.728,208.334,137.843,208.35,162.859,498.132,167.188,140.255,342.471,5183.6,194.226,572.213,288.395,288.784,117.911,242.053,176.792,242.202,396.334,3863.68,284.99,134.829,671.684,332.429,214.688,112.37,124.254,52.2243,183.337,347.465,157.367,123.718,52.2018,59.6013,18.3977,107.161,364.289,117.717,162.801,48.4995,1828.58,992.973,228.584,684.011,335.73,118.151,0,113.797,76.821,0,0,175.947,79.7687,0,321.005,231.885,100.482,94.3459,49.6111,228.642,60.5658,52.8773,0,133.639,9.82335,17.4957,294.628,146.396,106.951,80.7129,1177.41,1132.01,56.6773,85.606,0,767.831,447.76,136.755,72.8906,0,554.225,325.793,408.749,216.808,194.463,97.245,187.922,1726.92,913.42,433.826,624.364,605.959,147.663,583.421,298.652,185.645,1126.83,502.093,71.2466,77.4338,1698.36,185.238,215.236,98.9664,128.089,3365.84,560.619,469.626,986.741,31.4294,55.5213,51.3865,233.184,422.687,209.103,112.755,131.973,56.3735,207.81,94.6172,119.558,0,78.465,180.109,350.509,387.49,207.342,451.907,99.4731,19.4323,2513.67,1241.6,532.193,153.793,417.219,153.685,407.229,1.34313,125.817,51.3928,0,69.4221,23.9478,1190.46,249.687,510.749,87.6696,23.5396,0,23.8941,173.404,47.6179,106.366,141.832,1143.25,556.665,379.354,162.381,33.5526,610.794,187.896,16.2957,74.1097,17.9377,184.982,274.158,24.8652,78.6517,82.3399,93.4611,141.875,0,87.5412,14.9688,1071.32,374.283,2162.07,326.659,124.902,22.4546,5.62228,0,208.667,69.0959,97.1845,1818.54,292.629,88.9783,83.9112,176.409,253.832,88.4392,179.569,316.398,465.471,175.559,341.869,386.539,441.662,1516.37,142.412,124.961,10.6075,929.338,416.545,144.29,39.7177,719.331,20.7053,0,9.39756,0,0,0,7.31373,0,102.235,2013.92,1.03148,286.525,122.955,1072.12,327.035,320.442,0,0,427.194,142.862,328.655,2418.71,3303.98,277.18,434.109,484.817,143.996,0,303.651,21658.7,10343.3,4972.99,3888.93,2885.8,743.501,340.85,280.425,0,1.27075,0,0,560.769,15.597,218.787,25.8598,57.6437,0,0,4600.36,761.306,4.27585,11.1702,8.64517,171.845,0.141831,669.453,0,0,365.461,516.105,147.604,6.88923,490.125,13.9139,0,333.365,88.3493,918.968,72.7682,892.017,155.377,424.75,261.322,137.971,580.529,169.919,302.659,120.654,185.251,9.73236,223.838,184.505,245.117,310.73,198.826,0,202.402,110.115,110.379,0,26.6843,1337.73,45.0046,520.896,264.78,0,438.884,565.078,2200
15.5574,0,300.212,320.654,94.8371,93.3489,208.443,97.6225,22.0665,138.231,1847.44,1198.03,372.332,210.73,331.386,718.179,281.35,303.103,64.8841,132.714,275.708,54.8112,60.7687,174.953,71.694,0,16.6253,22.2831,0,694.984,321.207,379.408,112.025,371.193,66.0296,0,223.035,0,174.409,0,0,8.64301,27.452,276.732,50.5371,75.2508,27.3576,0,97.6668,242.396,39.4748,69.2806,78.7235,172.513,161.034,51.608,102.274,31.7675,112.691,0,302.889,116.307,0,0,263.681,0,7.30934,0,17.77,260.243,0,0,0,0,7.67862,0,0,0,3.97639,0,0,126.48,45.4492,44.1429,26.0791,0,0,179.776,139.901,0.383936,328.107,187.547,232.3,254.099,289.786,104.877,222.454,83.0559,392.822,169.011,117.23,169.554,3523.89,97.9436,427.853,241.141,212.055,73.9566,213.574,131.106,167.875,173.226,2713.83,219.295,96.4714,548.581,281.136,158.506,104.669,99.2958,49.3357,153.886,275.967,143.07,91.9551,51.5384,71.5401,21.389,78.3163,326.073,110.479,151.131,75.931,1679.3,924.688,323.492,631.415,316.367,129.199,0,112.921,6.88315,21.9285,9.39405,109.532,72.9905,96.9017,327.137,236.237,106.292,58.6228,22.3291,114.442,59.6212,5.57433,0,128.85,0,46.4558,276.498,153.601,89.6307,105.278,958.751,1164.85,93.3451,99.7785,0,862.22,495.431,160.238,76.7142,0,597.083,328.164,135.067,232.215,208.897,110.739,215.561,1857.49,1001.64,492.681,619.599,635.344,171.129,441.207,278.829,225.941,1283.86,663.73,102.553,85.1592,1730.71,221.52,199.423,133.978,78.1374,3997.71,520.045,494.368,1010.67,2.05974,59.1822,124.457,614.622,529.005,517.22,632.764,129.979,56.7237,214.609,192.833,216.506,73.6163,77.0301,156.016,133.064,115.231,237.136,153.06,130.533,56.1166,2578.42,1348.71,578.34,189.546,461.784,134.398,460.956,0,162.992,147.319,0,93.096,0,1308.76,334.258,197.524,75.1332,113.501,0,67.7598,169.955,50.6858,115.43,29.7483,810.758,380.952,524.441,60.4759,34.7085,678.735,215.26,5.52031,64.341,0.000294547,206.521,365.775,61.4712,111.937,120.991,98.9245,131.454,54.5581,11.6821,67.5378,1221.19,471.779,1263.37,396.675,171.372,159.017,64.8183,0,218.726,99.5262,101.788,2107.05,1564.31,577.364,130.418,184.617,130.934,332.641,556.364,1022.32,532.966,118.406,972.113,1168.64,465.339,1614.65,216.067,193.37,113.874,2541.05,1352.77,462.886,87.9531,695.151,130.563,8.14784,0,0,0,0,0,89.283,0,1152.16,10.6242,139.845,438.512,1320.13,175.073,120.468,0,0,735.491,120.451,439.668,2217.55,2756.25,242.033,336.136,431.836,206.714,92.7259,254.286,14046.7,6547.61,3164.12,2350.65,1816.31,623.985,354.488,129.993,38.3971,13.0002,31.3929,5.19264,92.3294,0,151.23,101.419,155.732,42.891,18.1487,3773.47,650.709,80.5516,76.0543,94.6379,121.723,63.6204,640.585,406.403,183.249,291.758,606.708,136.494,14.0856,384.492,0,0,305.947,226.392,689.511,245.892,728.162,156.681,199.813,119.885,82.2524,317.209,73.3999,184.993,74.993,124.724,19.3288,247.197,160.191,283.429,448.552,273.126,24.4931,221.666,186.328,247.257,633.248,1093.8,1170.45,87.1304,532.851,216.691,86.5925,442.081,975.545,2200
54.1932,0,276.868,337.545,90.1353,53.6706,176.471,113.675,43.6181,215.304,2848.51,1584.06,752.322,433.16,628.71,1063.04,439.973,443.941,74.0573,155.521,373.341,90.2172,125.613,244.056,71.9305,0,42.5624,54.4693,7.70418,1029.67,502.89,527.671,358.395,453.159,54.5262,6.10524,383.881,0,238.867,0,0,2.66628,59.7925,401.758,42.9329,122.816,0,0,85.4035,362.818,59.0069,36.2067,132.679,387.797,141.045,29.3656,83.5915,83.758,166.382,0,555.235,135.645,443.985,318.919,379.463,0,0,0,0,391.862,0,0,0,0,20.3365,0,0,0,0,0,0,128.332,52.9392,41.9428,36.7104,0,0,251.107,185.1,0,411.386,219.152,298.551,348.004,341.117,118.77,313.764,117.883,513.141,184.693,128.867,189.058,4949.83,147.64,559.96,282.856,233.291,118.461,195.16,158.873,181.103,241.007,3105.28,260.133,124.043,646.615,353.294,212.287,98.7411,127.162,48.5842,165.748,327.645,160.547,110.465,66.2019,73.5624,32.7307,74.7631,335.772,121.334,157.826,0,1754.92,950.11,256.085,658.918,318.705,112.811,0,130.952,0,41.602,0,190.051,42.2747,105.952,316.025,241.883,108.994,47.2353,55.3847,218.015,75.0028,0,0,121.77,0,66.3558,269.697,133.042,97.4686,88.0844,1006.41,1043.87,89.2626,86.9391,0,756.344,418.564,104.452,71.2111,0,548.025,304.073,132.972,196.903,193.277,97.8194,194.787,1673.54,869.471,405.362,598.754,612.973,131.886,478.519,255.218,186.219,1162.19,595.12,62.4039,80.81,1807.11,221.684,232.462,131.119,167.974,3980.37,599.369,461.062,945.373,2.48802,90.1227,120.835,263.263,263.9,227.089,0,129.086,72.0421,211.614,78.511,105.494,0,93.0266,143.209,173.593,181.451,181.447,133.092,156.976,33.448,2234.06,1181.13,485.105,141.724,406.72,181.11,359.972,0,153.607,215.583,0,71.4499,91.5819,1168.48,309.579,201.567,86.7355,144.298,92.4074,75.4469,166.05,54.932,115.144,28.8568,1037.52,358.854,447.31,75.6664,77.606,574.752,188.598,0,71.0472,0,201.763,320.971,47.1448,80.7947,92.3493,98.0075,118.849,51.6765,13.0448,213.733,1021.36,364.339,1315.87,287.309,132.713,9.84675,0,0,196.956,69.6168,86.9205,1808.8,323.048,104.429,121.726,112.821,0,84.4653,154.945,349.118,448.042,197.921,325.437,335.375,467.203,1465.59,218.415,135.178,0,956.561,467.016,141.251,66.6363,555.684,29.5071,0,0,0,0,0,0,0,0,1112.16,0,104.32,134.712,964.807,133.507,33.3841,0,0,411.287,52.0961,330.19,1742.24,2784.46,246.719,361.629,440.327,188.745,78.7939,286.847,13423.4,6457.91,3065.64,2337.98,1763.38,569.774,231.268,87.9709,171.859,0,20.2594,0,52.9053,0,73.5588,36.7735,80.6169,0,0,2694.74,418.38,23.7543,40.2368,25.7532,60.1478,128.751,339.329,0,0,127.775,577.922,141.598,0,425.851,0,124.783,224.937,66.0838,628.747,164.65,691.427,140.573,152.655,113.744,30.0832,274.837,49.6882,146.307,31.7666,109.132,240.432,158.548,148.085,156.868,273.933,186.039,26.2666,176.578,163.05,202.726,0,670.25,532.195,58.4348,339.232,154.743,96.9208,233.551,382.745,2200
11.7664,0,0,0.0430855,0,0,159.448,0,0,12.7483,198.73,0,0,0,0,14.5969,0.0543525,1.75666,0,0,0,0,0,14.0314,0,0,121.193,0,67.4556,103.442,0,0.244823,0,0,0,13.3929,0,0,0,225.286,129.414,78.2792,0,0,81.8792,0,0,0,0,0,0,0,0,0,0,0,0,0,0,128.01,0,64.2888,0,0,0,0,29.3983,0,9.60943,0,2338.65,9.974,0,0,0,0,274.491,0,0,0,0,0,42.5646,32.6902,37.812,0,0,0,0,0,0,0,0,0,0,0,0,0,0,0,0,0,0,0,0,0,0,0,6.00505,0,0,0,0,0,0,0,0,0,0,0,0,0,0,0,0,0,0,0,0,0,0,0,0,0,0,146.586,0,0,0,0,0,0,78.8889,5.46785,0,0,0,0,0,0,0,0,0,0,0,0,0,0,43.7085,0,0,0,0,0,0,0,0,0,0,0,0,0,0,0,0,0,0,0,0,0,0,0,0,0,0,0,0,0,0,0,0,0,0,0,0,0,0,0,0,0,0,0,0,0,0,0,0,0,0,0,0,0,0,0,0,0,0,0,0,0,0,141.5,0,0,0,0,0,0,0,0,0,0,0,0,0,0,0,0,0,0,0,0,0,0,0,0,0,0,0,0,0,0,0,0,0,0,352.871,0,0,0,0,0,0,0,0,0,0,0,0,0,0,0,0,0,13.908,0,0,0,0,0,0,0,0,0,0,0,0,0,0,0,0,0,0,0,0,0,0,0,0,0,0,0,0,47.2477,0,0,0,0,0,139.827,0,0,0,0,0,0,0,0,0,0,48.8135,0,0,0,0,0,0,0,0,0,0.126031,0,0,0,0,0,0,0,208.954,0,0,0,0,205.769,0,90.2512,265.957,53.2736,264.328,0,0,89.3616,71.3482,7.00146,0,70.9574,0,0,0,0,0,0,0,0,0,0,0,182.957,0,173.622,0,0,0,0,0,0,0,0,0,0,81.6989,0,0,0,0,0,9.05875,0,0,0,0,0,2.24E-05,37.6738,8.74422,0,754.566,0,0.556565,730
0,71.5554,0,7.85364,11.3022,0,110.689,0,0,28.008,0,20.9828,0.000448253,0,9.41754,76.1443,90.7549,45.4095,0,0.338761,3.83496,0,0,36.1629,0,0,0,0,7.10234,13.5885,0,0,0,0,0,2.41978,0,0,0,7.29253,0,21.6581,0,0,0,0,0,0,0,0,0,0,0,0,0,0,0,0,0,0,0,0,0,0,0,0,0,23.4054,18.7658,0,0,0,0,0,0,12.6394,0,0,43.7209,0,0,0,39.9789,31.4092,21.4884,0,0,0,0,0,0,0,0,0,0,0,0,0,0,0,0,0,0,0,0,0,0,0,252.313,0,0,0,0,0,0,0,0,0,0,0,0,0,0,0,0,0,0,0,0,0,0,0,8.7552,0,0,176.032,0,0,0,6.07E-05,0,0,57.3193,16.2385,0,0,45.3578,0,0,0,0,0,0,0,30.45,45.4628,0,0,117.261,0,0,0,0,0,0,0,0,330.628,0,0,0,0,170.943,0,0,0,0,0,0,0,0,0,0,0,0,0,0,0,0,0,0,0,0,0,0,0,0,0,0,0,0,0,0,0,0,0,0,0,0,0,0,0,0,0,0,0,0,0,0,0,0,9.54918,0,0,0,0,0,0,0,0,14.745,0,0,0,0,0,0,0,0,0,0,0,0,0,0,0,0,0,0,0,0,11.0402,0,0,61.235,0,0,0,0,0,0,0,0,0,0,0,107.726,0,0,0,0,0,0,0,0,0,0,0,0,0,0,0,0,103.47,0,0,0,0,0,3.62058,0,0,0,0,0,0,0,0,0,0,0,0,80.8534,6.86686,0,0,0,0,0,9.14495,0,86.0268,0,0,0,0,0,32.8556,47.5003,0,61.8041,0,0,0,0,0,0,0,91.1254,0,0,0,0,0,0,0,0,0,139.89,118.394,292.841,73.072,0,0,0,0,3.50015,0,0,0,0,0,0,0,0,79.9619,0,0,0,0,0,0,0,0,0,154.165,0,0,0,0,0,0,0,0,0,0,0,0,0,0,0,0,0,0,0,0,0,0,0.100108,0,0,0,0,11.0721,12.432,0,0,0,3.65762,880
0,36.4372,0,0,0,0,0,0,37.1131,0,0,0,0,0,0,3.84659,0,0,0,0,0,0,0,0,0,0,0,0,0,0,0,0.281402,0,0,0,0,0,0,0,0,0,0,0,0,0,0,0,0,0,0,0,0,0,0,0,0,0,0,0,0,0,0,0,0,0,0,0,0,0,0,0,0,0,0,0,0,0,0,19.1527,0,0,0,0,0,5.20125,0,0,0,0,0,0,0,0,0,0,0,0,0,0,0,0,0,0,0,0,0,0,0,378.874,0,0,0,0,0,0,0,0,0,0,0,0,0,0,0,0,0,0,0,0,0,0,0,0,0,0,262.133,0,0,0,0,0,0,0,0,0,0,0,0,0,0,0,0,0,0,0,0,0,0,0,0,0,0,0,0,0,0,0,0,0,0,0,0,0,0,0,0,0,0,0,0,0,0,0,0,0,0,0,0,0,0,0,0,0,0,0,0,0,0,0,0,0,0,0,0,0,0,0,0,0,0,0,0,0,0,0,0,0,0,0,0,0,9.22261,0,0,0,0,0,0,0,0,0,0,0,0,0,0,0,0,0,0,0,0,0,0,0,0,0,0,0,0,0,0,0,0,3.55637,0,0,0,0,0,0,0,0,0,0,0,0,0,0,0,0,0,0,0,0,0,0,0,0,0,0,0,0,0,0,0,0,0,0,3.9993,0,0,0,0,0,0,0,0,0,0,0,0,0,0,0,0,0,0,0,0,0,1.06816,0,0,0,0,0,0,0,0,0,0,0,0,0,0,0,0,0,0,0,0,0,0,0,0,0,0,0,0,0,0,0,0,0,8.30803,0,0,0,0,0,0,0,0,0,0,0,0,0,0,0,0,0,0,0,0,0,0,0,0,0,0,0,0,0,0,0,0,0,0,0,0,0,0,0,0,0,0,0,0,0,0,0,0,0,0,0,0,0,910
0,0,0,0,0,0,2.69826,0,3.66535,0,0,0,0,0,0,0,0,0,0,0,0,0,0,0,0,0,0,0,0,0,0,0,0,0,0,0,0,0,0,0,0,0,0,0,0,0,0,0,0,0,0,0,0,0,0,0,0,0,0,0,0,0,0,0,0,0,0,0,0,0,0,0,0,0,0,0,0,0,0,94.0369,0,0,125.261,116.726,81.2254,0,0,0,0,0,0,0,0,0,0,0,0,0,0,0,0,0,0,0,0,0,0,0,68.1322,0,0,0,0,0,0,0,0,0,0,0,0,0,0,0,0,0,0,0,0,0,0,0,0,0,0,0,0,0,0,0,0,0,0,0,0,0,0,0,0,0,0,0,0,0,0,0,0,0,0,0,0,0,0,0,0,0,0,0,0,0,0,0,0,0,0,0,0,0,0,0,0,0,0,0,0,0,0,0,0,0,0,0,0,0,0,0,0,0,0,0,0,0,0,0,0,0,0,0,0,0,0,0,0,0,0,0,0,0,0,0,0.423385,0,0,0,0,0,0,0,0,0,0,0,0,0,0,0,0,0,0,0,0,0,0,0,0,0,0,0,0,0,0,0,0,0,0,0,0,0,0,0,0,0,0,0,0,0,0,0,0,0,22.8325,0,0,0,0,0,0,0,0,0,0,0,0,6.73376,0,0,0,0,0,16.9279,0,0,0,0,0,0,0,0,0,0,0,0,0,0,0,0,0,0,0,0,0,0,0,0,0,0,0,0,0,0,0,0,0,0.0991138,0,0,0,0,0,0,0,0,0,0,0,0,0,0,0,0,0,0,0,0,0,0,0,0,0,0,0,0,0,0,0,0,0,0,0,0,0,0,0,0,0,0,0,0,0,0,0,0,0,0,0,0,0,0,0,0,0,0,0,0,0,0,0,0,0,0,0,0,0,0,0,0,0,0,0,710
0,0,0,0,0,0,4.11913,0,0,0.12235,0,0,0,0,0,0,0,0,0,0,0,0,0,0,0,0,0,0,0,0,0,0,0,0,0,0,0,0,0,71.0183,0,71.1863,0,0,8.75776,0,0,0,0,0,0,0,0,0,0,0,0,0,0,0,0,0,0,0,0,0,220.63,0,0,0,0,0,62.2315,29.5595,36.3613,10.6951,0,0,0,0,0,0,69.7533,71.2018,63.9589,0,0,0,0,0,0,0,0,0,0,0,0,0,0,0,0,0,0,0,0,0,0,0,106.234,0,0,0,0,0,0,0,0,0,0,0,0,0,0,0,0,0,0,0,0,0,0,0,0,0,0,201.579,0,0,0,0,0,0,12.0953,0,0,0,28.705,0,0,0,0,0,0,0,0,0,0,0,0,0,0,0,0,0,0,0,0,0,0,0,0,0,0,0,0,0,0,0,0,0,0,0,0,0,0,0,0,0,0,0,0,0,0,0,0,0,0,0,0,0,5.18771,0,0,0,0,0,0,0,0,0,0,0,0,0,0,0,0,0,0,0,0,0,0,0,0,0,0,0,0,0,0,0,0,0,0,0,0,0,0,0,0,0,0,0,0,0,0,0,0,0,0,0,0,0,0,0,0,0,0,0,0,0,0,0,0,0,0,0,0,0,0,0,0,0,0,0,0,0,0,0,0,0,0,0,0,0,0,0,0,0,0,0,0,0,0,0,0,0,0,0,0,0,0,0,0,0,0,0,0,0,0,0,0,0,0,0,0,0,0,0,0,0,0,0,0,0,0,0,0,0,0,0,0,0,0,0,0,0,0,0,0,0,0,0,0,0,0,0,0,0,0,0,0,0,0,0,0,0,0,0,0,0,0,0,0,0,0,0,0,0,0,0,0,0,0,0,0,0,0,0,0,0,0,0,0,0,0,0,0,0,0,0,0,0,5.17947,0,0,0,0,735
0,0,0,0,0,0,0,0,0.671676,5.41252,80.3787,0,0,0,0.0408125,2.54465,4.62621,4.61444,0,0,0,0,0,0,0,0,7.52528,0,0,8.0934,0,1.37166,0,0,0,0.744733,0,0,0,0,0,0,0,0,0,0,0,0,0,0,0,0,0,0,0,0,0,0,0,0,7.27083,5.92346,0,0,0,0,0,0,0,0,0,50.2591,0,0,0,0,0,22.0119,0,0,0,0,0,0,0,0,0,0,0,0.217863,0,0,0,0,0,0,0,0,0,0,14.9769,0,0,0,0,0,5.3115,0,0,0,0,0,0,0,0,0,0,8.64669,0,3.90239,0,0,0,0,0,0,0,0,0,14.5841,0,0,0,6.96057,0,0,97.2221,0,0,0,0,0,0,0,0,33.8354,0,0,0,0,0,0,0,0,0,0,47.7278,10.4561,0.452552,0,0,3.98342,0,0,0,0,0,0,0,0,19.9882,0,0,34.0427,0,0,0,0,0,8.68612,51.8077,0,0,0,0,0,0,64.5596,0,0,0,0,0,0,0,0,16.1162,0,0,0,64.1442,0,0,0,0,0,0,0,0,0,0,0,0,0,0,16.4198,50.7191,0,0,19.4987,0,0,0,0,0,0,0,0,0,0,0,0,0,0,0,0,0,35.9497,0,0,0,0,0,0,0,33.0619,0,0,0,0,0,0,104.956,0,0,0,0,0,0,0,59.8953,0,118.644,0,37.3666,0,0,0,0,0,150.684,0,10.4244,0,0,0,0,0,0,0,0,0,0,0,0,0,0,0,0,41.9587,0,0,0,0,0,0,149.59,0,0,37.8407,0,0,0.593698,0,0,0,0,0,0,0,0,72.9559,0,0,0,0,0,9.84586,0,0,9.42226,0,0,0,0,0,0,0,0,0,0,0,0,0,0,0,0,0,7.88684,2.48952,0,0,0,44.5992,0,0,0,0,0,0,0,0,13.2775,0,0,0,0,0,0,0,0,0,0,0,0,0,0,0,0,0,0,0,0,0,0,0,0,0,0,0,0,0,0,0,0,0,20.3794,7.56208,73.202,246.342,0,0,0,0,0,0,0,0,0,2750
0,0,0,0,0,0,0,0,0,0,0,0,0.34622,0,0,0.00578103,0,0,0,0,0,0,0,0,0,0,0,0,0,0,0,0,0,0,0,0,0,0,0,0,0,0,0,0,0,0,0,0,0,0,0,0,0,0,0,0,0,0,0,0,0,0,0,0,0,0,0,0,0,0,0,0,0,0,0,0,0,0,5.04575,0,0,0,0,0,0,0,0,0,0,0,0,0,0,0,0,0,0,0,0,0,0,0,0,0,0,0,0,0,0,0,0,0,0,0,0,0,0,0,0,0,0,0,0,0,0,0,0,0,0,0,0,0,0,0,0,0,3.451,0,0,181.87,0,0,0,0,0,0,0,0,0,0,0,0,0,0,0,0,0,0,0,0,0,0,0,0,0,0,0,0,0,0,0,0,0,0,0,0,0,0,0,0,5.2945,0,0,0,0,0,0,0,0,0,0,0,0,0,0,0,0,0,0,0,0,0,0,0,0,0,0,0,0,0,0,0,0,0,0,0,3.05722,0,0,0,0,0,0,0,0,0,0,0,0,0,0,0,0,0,0,0,0,0,0,0,0,0,0,0,0,0,0,0,0,0,0,0,0,0,0,0,0,0,0,0,0,0,5.83717,0,0,0,0,0,0,0,34.3086,0,3.66995,0,0,0,0,0,0,0,0,0,0,0,0,0,0,0,26.9535,9.03552,0,0,0,0,0,0,4.079,0,0,0,0,0,0,0,0,0,0,0,0,0,3.2609,0,0,0,0,0,0,0,0,0,0,0,0,0.072811,0,0,0,0,0,0,0,0,0,0,0,0,0,0,0,0,0,0,0,0,0,0,0,0,0,0,0,0,0,0,0,0,0,0,0,0,0,0,0,0,0,0,4.54368,0,0,0,0,0,0,0,0,0,0,0,0,0,3.53113,0,0,0,0,0,0,20.9529,0,15.7584,0,0,0,0,0,0,0.493452,0,0,2600
0,14.1437,0,0,0,0,0,0,0,0,0,0,0,0,0,0.15755,0,0,97.7231,0,0,0,0,4.53756,0,51.3707,0,0,0,0,0,0,0,0,0,0,0,0,0,0,0,0,0,0,39.3677,0,0,0,0,0,0,0,0,0,0,0,0,0,0,0,0,5.55576,0,0,0,0,0,4.78399,0,0,0,0,0,0,0,0,0,0,11.3663,0,0,0,0,0,0,0,0,0,0,0,0,0,0,0,0,0,0,0,0,0,0,0,0,0,0,0,0,0,211.274,0,0,0,0,0,0,0,0,0,0,0,0,0,0,0,0,0,0,0,0,0,0,0,0,0,0,345.432,0,0,0,0,0,0,0,5.74418,0,0,0,0,0,0,0,0,0,0,0,75.0728,0,0,0,0,0,0,0,0,0,0,0,0,0,0,0,0,0,0,0,0,0,0,0,0,0,0,0,0,0,0,0,0,0,0,0,0,0,0,0,0,0,0,0,0,0,0,0,0,0,0,0,0,0,0,0,0,0,0,0,0,0,0,0,0,0,149.12,0,0,0,0,0,0,0,0,0,0,0,0,0,0,0,0,0,0,0,0,0,0,0,0,0,0,0,0,0,137.657,0,0,13.8986,0,0,0,0,0,0,0,0,0,0,0,17.7541,0,0,0,0,0,0,0,0,0,0,0,0,0,0,0,0,0,0,0,0,0,27.3687,0,0,0,0,0,0,0,0,0,0,0,0,0,0,0,0,0,0,0,0,0,0,0,0,0,0,0,0,0,0,0,0,0,0,0.29228,0,0,0,0,0,0,0,0,0,0,0,0,0,0,0,0,0,0,0,11.0475,0,31.66,0,8.36702,66.3362,6.85461,0,0,0,0,0,0,0,332.584,115.338,0,0,0,0,0,28.0895,223.71,0,0,0,0,0,0,0,0,0,0,0,0,0,0,0,0,0,0,0,0,0,0,0,0,275.721,0,0,0,0,0,70.7535,0,0,2481
0,0,0,0,0,0,14.7663,0,0,0,8.16189,0,0,0,0,0,0,0,9.41082,0,0,0,0,0,0,7.94979,8.12881,0,0,0,0,0,0,0,0,0,0,93.3466,0,8.01796,0,4.5222,0,0,0,0,0,0,0,0,0,0,0,0,0,0,0,0,0,11.9487,0,0,0,0,0,0,0,0,0,0,1197.87,0,0,0,0,0,46.3638,0,0,0,0,0,0,0,0,0,0,0,0,0,0,0,0,0,0,0,0,0,0,0,0,0,0,0,0,0,0,0,0,0,0,0,0,0,0,0,0,0,0,0,0,0,0,0,0,0,0,0,0,0,0,0,0,0,0,0,0,0,0,0,0,0,0,3.72002,0,0,0,0,0,0,0,0,0,0,0,0,0,0,0,0,0,0,0,0,0,0,0,0,0,0,0,0,0,0,0,0,0,0,0,0,0,0,0,0,0,0,0,6.6613,0,0,0,0,0,0,0,0,0,0,0,0,0,0,0,0,0,0,0,0,0,0,0,0,0,0,0,0,0,0,0,0,0,0,0,0,0,0,0,0,0,0,0,0,0,0,0,0,0,0,0,0,0,0,0,0,0,0,0,0,0,0,0,32.1261,0,0,0,0,131.684,0,0,0,0,0,0,0,0,0,11.7315,0,0,0,0,0,0,0,0,0,0,0,0,0,0,0,0,0,0,0,0,0,0,0,0,0,0,0,0,0,0,0,0,0,0,0,0,44.7161,0,0,0,20.1859,0,0,0,0,0,0,0,0,0,0,0,0,21.5064,0,0,0.327853,0,0,0,0,0,0,0,17.6224,0,0,0,0,0,0,0,0,0,0,0,196.447,0,0,453.596,330.924,636.37,0,0,405.931,588.787,629.553,0,0,0,0,0,0,0,0,0,0,0,55.4424,0,241.072,0,130.923,0,0,0,0,0,0,0,0,0,0,0.83092,0,0,0,0,0,0,0,0,0,0,0,2.67754,0,9.15324,0,2.37583,0,0,2970
