0,55.0697,0,32.8537,0,0,0,11.7672,34.9472,0,0,9.66153,0,52.2352,0,20.9281,0,0,0.945416,0,0,0,0,21.4935,0,0,8.26108,0,0,6.92386,0,1.1918,0,0,0,0,0,0,0,0,0,0,0,0,0,0,0,0,0,0,0,0,0,0,0,0,0,0,0,11.0688,0,0,0,0,0,0,0,0,0,0,0,0,0,43.5367,16.9211,0,0,0,0,0,0,0,0,0,0,0,0,0,0,55.4388,0,0,0,0,100.673,8.79886,46.169,0,0,0,0,0,0,0,0,0,0,0,0,0,0,0,0,0,0,0,137.526,0,310.573,47.7943,0,0,0,0,0,0,0,0,0,0,0,0,0,0,0,0,0,0,0,0,0,181.99,0,0,140.296,0,0,0,0,116.39,0,0,0,0,0,0,0,0,0,0,0,52.5059,5.81457,0,0,0,80.9786,0,0,0,0,43.8282,0,0,0,25.9258,0,0,0,0,0,0,0,0,0,0,0,0,0,0,0,87.8327,0,0,0,0,0,0,0,0,0,0,0,0,0,0,0,0,0,0,0,0,0,8.12567,0,0,15.5162,0,58.6945,0,0,0,0,1609.16,88.7103,0,0,0,0,0,0,3.94163,0,0,7.01881,0,0,9.38575,0,0,0,0,0,0,0,0,3.62009,242.321,36.942,0,0,68.888,1461.26,0,0,0,0,0,0,0,0,0,40.5703,22.4658,9.84711,0,1.36447,0,0,320.312,1765.95,0,0,0,144.273,0,239.518,0,50.0122,0,82.4701,173.86,0,0,0,0,0,0,0,33.1049,0,100.469,146.759,99.0821,26.4486,75.0549,0,118.434,0,0,125.375,37.3098,0,0,10.274,48.0677,37.5805,0,0,9.19471,0,0,0,0,0,0,0,101.123,0,0,0,0,0,0,0,0,0,0,0,0,1.7788,0,50.5383,347.704,1532.56,371.885,121.694,0,109.666,96.9676,26.9585,3.99355,10.3763,164.374,0,0,0,0,25.8447,69.1212,98.1441,125.352,0,59.1971,0,0,34.4275,0,0,0,0,0,232.369,0,6.15585,14.9762,0,0,0,0,0,0,0,0,0,2.16944,0,0,0,0,0,0,0,0,0,0,0,0,0,0,0,6.17356,2.72586,3.92447,0,22.3429,0,5.03021,710
3.52673,182.328,0,60.2585,0,1.52795,0,0,71.4647,0,0,0.978714,0,0.732471,0,15.8602,0,0,0,0,0,0,0,25.1107,0,0,26.6634,0,7.27562,22.5308,0,0.000984524,0,0,0,0,0,0,0,0,0,0,0,0.054287,0,0,0,0,14.5428,0,0,0,0,0,0,0,0,0,0,5.41558,0,0,0,0,0,0,0,600.07,0,0,0,0,0,4.29152,8.18663,0,0,0,11.803,118.178,49.2907,198.074,30.3297,0,0,45.9792,17.6127,0,0,14.4484,0,0,0,0.0085272,50.0734,63.8774,42.7277,19.7386,24.4046,0,0,0,0,0,0,0,0,0,7.85464,0,0,0,0,0,0,0,9.02515,0,194.273,0,0,0,0,0,0,0,0,0,0,0,0,0,0,0,0,0,0,0,0,0,0,41.3785,0,0,89.0306,0,0,0,0,105.264,0,0,0,0,0,0,0,0,0,0,0,0,40.5687,0,0,0,71.5269,0,0,0,0,8.00215,0,0,0,0,0,0,0,0,0,0,0,0,0,0,0,0,0,0,0,86.1544,0,0,0,0,0,0,0,0,0,0,0,0,0,0,0,0,0,0,0,0,0,0,0,0,0,0,0,0,0,0,0,0,0,0,0,0,0,0,0,0,0,0,0,0,0,0,0,0,0,0,0,0,0,0,36.4952,103.14,13.2794,0,0,0,0,0,0,0,0,0,0,0,0,0,73.3678,18.0504,0,0,0,0,0,0,60.6857,0,0,4.55681,56.8809,0,237.174,0,43.3722,0,78.6247,182.962,0,0,0,0,0,0,0,5.53174,0,0,0,0,0,0,0,0,0,0,0.370805,17.6519,0,0,0,0,60.895,0,0,0.717763,0,0,0,0,0,0,0,19.3724,0,0,0,0,0,0,0,0,0,0,0,0,7.07713,0,62.1996,32.1181,189.274,12.0437,24.5042,0,9.02195,0,6.49809,5.82361,0,6.08204,0,0,0,0,7.87693,0,0,0,0,58.4677,0,0,0,0,0,0,0,0,0,0,0,0,0,0,0,0,0,0,0,0,0,0,0,0,0,0,0,0,0,0,0,0,0,0,0,0,0,0,10.596,2.07978,0,0,0,0,810
0.488083,302.16,161.099,144.641,86.4721,119.904,51.2492,164.142,319.33,1.50198,9.93218,68.2545,60.0106,368.898,58.0125,77.6873,85.0472,47.3255,94.8784,28.9048,0.115906,0,95.7586,29.2387,0,7.84398,255.982,0,14.9595,209.335,69.9252,14.6519,158.301,0,33.7525,0.820707,0,0.751,283.877,0,262.752,282.372,150.841,84.813,0,0,0,0,33.1436,0,0,0,0,0,0,0,0,0,0,0,0,0,0,0,0,0.00685608,0,0,0,0,1246.43,3463.67,0,6.10269,7.81775,0,0,0,193.644,244.999,302.246,449.315,141.289,82.5883,0,0,0,0,0,26.2941,0,0,0,0.0327433,174.802,180.794,81.43,504.502,645.044,0,0,0,0,0,0,0,0,0,0,0,0,0,0,0,6.59242,0,96.7749,0,215.646,5.58724,0,0,0,0,0,0,0,0,0,0,0,0,0,0,0,0,0,0,0,0,0,182.512,0,0,0,0,0,0,0,21.8014,0,0,0,0,0,0,0,0,0,0,0,6.81683,13.1743,0,0,0,0,0,0,0,0,0,0,0,0,6.26977,0,0,0,0,0,0,0,0,0,0,0,0,0,0,0,27.8459,0,0,0,0,0,0,0,0,0,0,0,0,0,0,0,0,0,0,0,0,0,51.7243,0,0,11.1509,0,0,0,0,0,0,194.1,0,0,0,0,0,0,0,0,0,0,0,0,0,0,0,0,0,0,0,0,0,0,0,46.7213,4.64306,0,0,10.4833,169.412,0,0,0,0,0,0,0,0,0,18.7654,19.4932,47.5021,0,0,0,0,0,275.561,0,0,0,85.6853,0,153.713,0,21.2889,0,57.5341,50.0459,0,0,0,0,0,0,0,5.77157,0,21.5287,0,0,0,0,0,0,0,30.7068,46.7981,58.2818,0,0,5.75939,17.3422,20.494,0,0,0,0,0,0,0,0,0,0,0,0,0,0,0,0,0,0,0,0,0,0,0,0,0,13.9702,178.517,697.599,183.669,0,0,23.558,0,0,0.38889,0,0,0,0,0,0,0,0,0,0,0,0,0,0,0,0,0,0,0,0,45.7929,0,0,0,0,0,0,0,0,0,0,0,0,0,0,0,0,0,0,0,0,0,0,0,0,0,0,0,1400.22,0,0,3.65047,0,0,0,0.148705,750
13.066,0,0,0,0,0,0,120.886,65.5934,0,0,0,0,0,0,0,0,0,0,0,0,0,0,3.13504,0,0,0,0,0,0,0,0,0,0,0,0,0,0,0,7.53795,11.4563,0,0,27.1896,0,57.6276,0,0,0,0,0,5.88633,0,0,0,0,0,0,0,3.39888,0,15.7084,0,0,0,0,0,0,0,0,0,0,0,0,0,1804.88,15.4434,47.7295,0,0,0,9.23981,0,0,0,0,0,79.3328,0,0,0,0,0,0,15.5288,0,0,0,0,0,0,0,0,0,0,0,0,0,0,0,0,0,0,0,7.61391,0,0,0,5.63813,0,0,0,0,0,0,0,0,0,0,0,0,0,0,0,0,0,0,0,0,0,0,56.0525,0,0,6.4446,0,0,0,0,0,0,0,0,0,0,0,0,0,0,0,0,0,47.8259,0,0,0,0,0,0,0,0,0,0,0,0,0,0,0,0,0,0,0,0,0,0,0,0,0,0,0,0,0,0,0,0,0,0,0,0,0,0,0,0,0,0,0,0,0,0,0,0,0,0,151.654,0,0,0,0,0,0,0,0,0,0,0,0,0,0,0,0,0,0,0,0,0,0,0,0,0,0,0,0,0,0,0,0,74.2801,80.6886,0,0,0,0,0,0,0,0,0,0,0,0,0,0,201.073,137.619,43.1298,0,0,0,0,0,38.1949,0,0,0,0,0,134.962,0,5.2848,0,26.0823,0,0,0,0,0,0,0,0,0,0,0,0,0,0,0,0,0,0,0,0,0,0,0,0,0,0,0,0,0,0,0,0,0,0,0,0,34.6811,0,0,0,0,0,0,0,0,0,0,0,0,0,0,0,0,0,0,0,0,138.652,263.336,403.776,142.971,169.998,299.512,0,0,0,28.7449,210.55,221.983,224.383,224.709,0,0,0,0,0,0,0,0,0,0,0,0,54.2684,23.5179,0,0,0,0,0,0,0,0,0,0,0,0,0,0,0,0,0,0,0,0,0,0,0,0,0,2.56146,0,0,0,0,0,526.983,700
13.2609,0,0,0,0,0,0,0,0.306781,0,0,0,0,27.8701,0,2.68339,0,0,0,0,0,0,0,4.65292,0,0,10.6394,0,0,0,0,68.1673,0.187054,0,0,0,0,0,14.1946,0,207.944,222.075,104.352,24.7238,0,0,0,0,62.4047,0,0,0,0,0,0,0,0,0,0,0,0,0,0,0,0,0,0,8.25805,0,0,0,0,0,0,0,2590.65,0,167.597,0,0,0,0,0,0,0,0,8.68353,0,0,0,0,0,0,0,86.532,0,42.4363,0,0,0,0,0,0,0,0,0,0,0,0,0,0,0,0,0,0,0,0,0,4.52665,0,0,0,0,0,0,0,0,0,0,0,0,0,0,0,4.99289,0,0,0,115.439,0,0,7.95995,0,0,0,0,0,0,0,0,0,0,0,0,0,0,9.58643,0,0,0,0,64.096,0,0,36.9143,0,0,0,0,0,0,0,1.13954,0,0,0,0,0,0,0,0,0,0,0,0,0,6.35226,0,0,0,0,0,0,0,2.82746,0,0,0,0,0,0,0,0,0,0,0,0,0,0,0,0,0,0,0,0,0,0,0,0,0,0,0,0,0,0,0,0,0,0,0,0,9.32376,0,0,0,0,0,0,0,0,0,0,0,0,0,0,0,0,47.6727,0,0.483487,83.1164,663.971,0,0,0,0,0,0,0,0,0,95.7871,77.6045,20.5808,0,13.7801,0,0,71.0064,350.202,0,0,0,114.635,0,0,0,0,0,0,0,0,0,0,0,0,0,0,9.50326,0,145.668,372.607,358.851,221.44,123.799,0,147.991,0,17.1009,0,0,0,0,39.1876,0,33.5195,0,0,0,0.60165,0,0,0,0,0,0,0,0,0,0,0,0,0,0,0,0,0,6.09898,0,0.286857,0,92.5587,5.00595,0,7.22987,2.61891,0,0,239.245,409.886,222.05,292.835,341.773,0,0,0,0,300.189,368.728,499.541,546.117,0,0,0,142.251,57.4195,0,0,0,0,33.6651,470.23,0,1015.64,451.633,0,0,0,0,0,0,0,0,0,9.54053,0,0,0,0,0,0,0,0,0,0,41.232,0,0,0,0,0,0,5.17524,0,3.77745,0,0,635
0,21.9454,0,36.1135,0,0,0,0,0,0,0,0,0,0,0,7.22405,0,622.156,0,0,0,0,0,0,0,306.215,0,0,6.29643,0,0,0,0,0,0,0,0,0,0,0,0,0,0,0,0,17.1478,0,0,0,19.7733,0,0,0,0,0,0,0,0,0,0,0,0,0,0,0,0,0,0,0,0,0,0,297.338,0,0,0,0,0,0,0,0,0,19.3358,12.5797,0,0,0,0,0,25.5206,0,0,0,0,44.2142,46.9239,40.2827,0,0,0,0,0,0,0,0,0,0,0,0,0,36.2842,0,0,0,0,0,88.2627,0,230.635,5.04569,0,0,0,0,0,0,0,0,0,0,0,0,0,0,0,0,0,0,0,0,0,294.866,0,0,0,0,0,0,0,4.89397,0,0,0,0,0,0,0,0,0,0,0,0,115.181,0,0,0,13.7544,0,0,0,0,34.4164,0,0,0,0,0,0,0,0,0,0,0,0,0,0,0,0,0,0,0,21.4137,0,0,0,0,0,0,0,0,0,0,0,0,0,0,0,0,0,0,0,0,0,98.8941,0,0,0,0,0,0,0,0,0,0,0,0,0,0,0,0,0,0,0,0,0,0,0,0,0,0,0,0,0,0,0,0,33.4,4.59558,0,0,0,0,0,0,0,0,0,0,0,0,0,0,0,0,0,0,0,0,2.16763,0,0,0,0,0,0,0,205.579,0,34.6548,0,71.1772,32.3675,0,0,0,0,0,0,0,0,0,0,0,0,0,0,0,0,0,0,0,8.19026,0,0,0,0,21.5481,0,0,0.0027342,0,0,0,0,0,0,0,45.5104,0,0,0,0,0,0,0,0,0,0,0,0,0,0,26.6788,12.2485,44.9736,0,0,4.92591,18.3294,0,5.37871,0,0,0,0,0,0,0,0,0,0,0,0,0,0,0,0,0,0,0,0,0,0,0,0,0,0,0,0,0,0,0,0,0,0,0,0,0,0,0,0,0,0,0,0,0,0,0,0,0,15.7966,0,46.5503,0,0,0,0,0,625
1.62553,0,58.1856,18.1276,0,0,0,0.76947,39.335,0,15.1592,20.263,0,34.2753,5.15482,6.41008,0,0,2.76755,0,0,0,0,0,0,0,0.290551,0,0,0,0,0.620145,3.06281,0,0,0,28.1752,6.11E-05,40.4471,120.117,59.9318,83.1509,0,56.7538,0,78.7595,0,0,50.0649,28.7555,0,29.4228,0,0,0,0,0,0,0,17.1085,0,6.75921,0,0,0,0,0,0,0.142339,0,0,0,0,23.1648,0,0,0,0,0,31.1493,0,62.9712,22.908,8.52917,0,142.871,150.531,0,0,28.5024,0,0,0,0,44.2687,49.0826,32.2595,0,0,0,0,0,0,0,0,0,0,0,0,0,0,0,0,0,0,0,248.057,0,199.407,20.2873,0,0,0,46.1406,0,0,0,0,0,0,0,0,0,0,0,0,0,0,52.3129,86.2443,0,313.407,0,0,78.1167,0,0,0,0,6.1783,0,0,0,0,0,0,0,0,0,0,0,168.187,255.737,0,83.9982,0,13.2144,0,0,0,0,0,0,0,144.078,186.935,0,0,0,0,88.7782,0,0,0,0,0,0,0,0,0,0,201.935,181.329,0,0,86.6684,0,0,0,0,0,0,0,0,0,0,0,0,0,0,0,504.372,0,245.132,13.4484,0,12.8898,0,0,5.93602,0,0,0,0,33.6018,0,0,0,0,0,0,0,0,0,0,0,0,0,0,0,0,0,0,0,0,0,95.3629,135.598,15.1601,0,0,183.39,50.9064,0,0,0,0,0,0,0,0,0,94.8507,52.2486,11.7977,0,0,0,0,41.5966,194.689,0,0,0,399.829,0,307.386,0,73.4259,0,126.505,383.229,0,7.77524,0,0,0,5.81423,0,0,0,85.0435,0,17.4363,0,38.3104,0,66.3752,51.4827,1124.94,428.513,302.635,0,0,87.9608,163.417,85.9528,0,42.6488,12.1594,0,0,0,0,0,0,0,0,12.1993,0,0,0,0,0,0,0,0,0,0,0,0,0,43.3778,160.425,836.929,91.9513,0,0,17.617,8.8623,6.24558,0,0,18.5215,0,0,0,0,8.03485,0,0,7.61098,0,23.2871,0,0,0,0,0,0,0,0,0,0,0,0,0,0,0,0,0,0,0,0,0,0,0,0,0,0,0,0,0,74.9291,0,0,49.2141,0,0,0,0,0,0,0,0,69.6717,4.68446,320.887,750
11.6992,52.5058,54.4992,14.3855,0,1.92858,0,0,98.1355,0,2.2509,18.9381,0,37.5636,7.1724,9.90939,0,0,3.59705,0,0,0,0,10.4202,0,0,16.7948,0,0,6.54632,0,4.71496,0,0,0,0,29.6969,0.0103621,27.3406,33.2917,148.029,164.587,72.7957,58.5812,0,64.0575,0,0,41.2621,0,0,8.851,0,0,0,0,0,0,0,0,0,4.05925,0,0,0,0,0,0,0,0,0,0,7.30199,4.73146,0,0,0,0,0,0,0,0,0,0,0,35.9677,15.4551,0,0,26.0969,0,0,0,0,21.9524,7.0533,26.9039,0,0,0,0,0,0,0,0,0,0,0,14.9482,0,0,0,0,0,8.07186,0,164.957,0,184.062,32.8171,0,0,0,53.9232,0,0,0,0,0,0,0,0,0,0,0,0,0,0,225.04,0,0,298.665,29.8813,0,148.004,0,0,0,0,25.62,0,0,0,0,0,5.8375,6.07494,0,0,0,0,700.967,323.474,0,284.351,3.3543,24.6989,0,11.8327,0,0,88.5069,0,0,21.2022,97.4868,0,0,0,0,57.6002,0,0,0,7.5811,0,0,11.3964,0,0,0,264.413,50.5622,0,0,91.9675,0,0,0,0,0,0,0,0,0,0,0,0,0,0,0,108.405,0,196.227,71.8488,0,16.1217,35.7742,0,0,0,0,0,0,27.6931,0,0,0,0,0,0,0,0,0,0,0,0,0,0,0,0,0,0,0,0,0,362.138,12.218,98.052,3.12159,0,260.046,0,0,0,7.41453,0,0,0,0,0,0,310.732,230.87,20.1599,6.80856,0,0,0,9.04202,86.9681,0,0,5.98823,501.046,0,292.709,0,50.8387,0,94.6043,559.925,6.08436,0,0,0,0,0,0,68.2973,0,80.0301,38.2119,30.4393,0,27.2713,0,117.472,5.84875,0,131.535,0,0,0,110.013,166.773,172.975,0,0,28.5662,6.81571,0,0,0,0,0,0,127.378,24.5792,0,0,0,0,0,0,0,0,0,6.07399,0,0,0,56.2557,143.572,418.817,134.213,226.048,0,48.9515,35.9835,0,0,0,68.3233,0,0,0,0,15.2967,16.5422,15.5184,21.5975,0,65.4713,11.0901,154.898,75.7011,0,0,0,0,0,47.8204,0,0,4.28738,0,0,0,0,0,0,0,0,0,0,0,0,0,0,0,0,0,106.585,0,0,32.0684,0,0,0,0,0,0,0,0.130473,114.506,0,453.605,785
36.8038,22.4517,0,0,0,1.85193,0,0,33.5775,0,0,25.5853,0,75.564,50.4899,1.28776,16.8722,0.296372,13.3114,0,0,0,0,8.28475,0,0,10.1197,0,0,0.0809963,0,18.7443,25.6436,0,0,0,32.5009,42.9295,382.177,19.7702,139.076,158,34.5582,59.4318,0,99.6557,0,0,10.0349,0,0,60.4643,0,0,0,0,0,0,0,41.1394,0,0,6.14494,0,1.66072,0,0,0,12.2524,0,0,0,0,110.212,8.9191,0,412.416,0,0,0,0,0,0,0,310.906,178.166,183.249,0,267.527,77.5169,494.8,0,0,0,54.2926,20.4084,7.90724,0,0,0,175.995,6.10433,0,0,0,0,0,0,19.1346,0,0,0,9.28466,0,21.1553,0,705.929,0,190.684,35.9962,0,0,0,91.6476,0,0,0,0,0,0,0,0,0,0,0,0,0,0,29.7257,0,0,317.279,0,0,0,0,0,0,0,10.2371,0,0,0,0,0,0,0,0,0,0,0,25.2969,120.844,0,33.6413,0,20.6749,0,8.60381,0,0,0,0,0,154.3,61.9463,0,0,0,0,67.8671,0,0,0,8.94758,0,0,0,0,0,0,258.257,213.566,0,0,69.0138,0,0,0,0,0,0,0,0,0,0,0,0,0,0,0,365.087,0,108.293,92.3904,0,31.7894,26.0124,0,0,0,0,0,0,0,0,0,0,0,0,0,0,0,0,0,0,0,0,0,0,0,0,0,0,0,0,10.3205,166.877,47.2879,0,0,99.5318,0,0,0,0,0,0,0,0,0,0,93.7311,91.951,18.383,0,0,0,0,0,0,0,0,4.61061,163.851,0,183.787,0,25.6292,0,68.1739,522.957,0,10.3405,0,0,0,0,0,50.1877,0,3.86815,0,0,0,0,0,16.9924,0,28.0779,72.6539,24.1514,0,0,0,260.576,69.6548,0,0,27.4385,0,0,0,0,0,0,0,0,0,0,0,0,0,0,0,0,0,0,0,0,0,0,108.201,105.789,346.944,73.9044,0,0,5.0664,0,0,0,0,3.02348,0,0,0,0,0,0,0,0,0,0,0,0,0,0,0,0,0,0,0,0,0,0,0,0,0,0,0,0,0,0,0,0,0,0,0,0,0,0,0,64.955,0,0,56.9776,0,0,293.137,0,0,0,0,0,95.0257,0,239.654,845
0,81.751,0,36.7174,0,0.449394,0,0,64.2119,0,0,13.6314,0,102.121,7.2919,30.933,0,0,0.677981,0,0,0,0,25.3109,0,0,9.05094,0,0,0,0,6.84759,31.0645,0,0,0,0,0.0152738,0,0,0,0,0,0,0,0,0,0,0,5.14585,0,0,0,0,0,0,0,0,0,0,0,0,0,0,0,0,0,0,0,0,0,0,0,0,0,0,0,0,0,0,0,0,0,0,0,0,0,0,0,12.2824,0,0,0,0,0,0,0,0,0,0,0,0,0,0,0,0,0,0,0,0,0,0,0,0,77.538,0,63.1892,0,109.043,0,0,0,0,0,0,0,0,0,0,0,0,0,0,0,7.7638,0,0,0,0,0,0,5.90392,0,0,0,0,0,0,0,0,0,0,0,0,0,0,0,0,0,0,0,0,0,0,0,0,0,0,0,0,0,0,0,0,0,0,0,0,0,0,0,0,0,0,0,0,0,0,0,0,0,287.401,0,0,5.55121,16.5373,0,0,0,0,0,0,0,0,0,0,0,0,0,0,0,5.58401,0,0,87.6297,0,10.1913,6.87224,0,0,0,0,0,0,0,0,0,0,0,0,0,0,0,0,0,0,0,0,0,0,0,0,0,0,0,0,5.34355,0,41.588,0,0,0,0,0,0,0,0,0,0,0,0,0,0,0,0,0,0,0,0,0,0,0,0,0,6.64345,0,148.572,0,18.2188,0,53.1946,567.031,0,0,0,0,0,6.95634,0,28.0046,0,0,0,0,0,0,0,0,0,10.2529,3.6476,0,0,0,0,0,102.116,0,0,39.2466,0,0,0,0,0,0,0,0,0,0,0,0,0,0,0,0,0,0,0,0,0,0,0,19.6886,0,0,0,0,0,0,0,0,0,6.51052,0,0,0,0,0,0,0,0,0,0,0,0,0,0,0,0,0,0,41.5709,0,0,0,0,0,0,0,0,0,0,0,0,0,0,0,0,0,0,0,0,117.757,0,0,42.0726,0,0,0,0,3.22593,0,0,0,78.8341,0,0,580
7.75089,54.4535,28.9516,21.1764,0,0.318988,0,0.203476,78.5428,0,0,10.0301,0,110.289,25.846,26.1013,0,50.1512,0,0,0,0,0,23.5711,0,21.8974,45.0841,0,0,16.2024,0.403221,0.148092,3.64059,0,0,0,0,0,140.738,25.7562,85.8399,55.8421,0,51.0176,0,0,0,0,102.246,43.9575,0,0,0,0,0,0,0,0,0,175.492,0,0,0,0,0,0,0,0,0,0,0,0,0,0,0,0,0,0,0,0,0,0,0,0,0,8.07465,0,0,0,0,0,0,0,0,68.2738,75.271,69.7414,0,0,0,0,0,0,0,0,0,0,0,0,0,0,0,0,0,0,0,0,0,227.075,7.38843,0,0,0,0,0,0,0,0,0,0,0,0,0,0,0,0,0,0,0,0,8.75849,176.261,0,0,10.2003,0,0,0,0,6.27992,0,0,0,0,0,0,7.28172,0,0,0,0,0,83.8026,0,0,0,324.5,0,0,0,0,136.376,0,0,0,49.2865,0,0,0,0,0,0,0,0,18.978,0,0,26.3971,0,0,0,238.619,0,0,7.63727,8.84821,0,0,0,0,0,0,0,0,0,0,0,0,0,0,0,0,0,0,81.3934,0,46.7195,31.9123,11.4545,0,0,0,0,0,25.7298,0,0,0,0,0,0,0,0,0,0,0,0,0,0,0,0,0,0,0,0,0,5.57513,0,0,0,0,8.86179,112.069,0,0,0,0,0,0,0,0,0,0,0,0,0,0,0,0,0,70.0653,0,0,0,27.8393,0,195.573,0,24.317,0,45.6247,410.724,0,0,0,0,0,0,0,0,0,9.01893,0,0,0,0,0,23.4498,0,0,396.843,98.0735,0,0,7.18098,0,37.925,0,0,4.42591,0,0,0,0,0,0,0,226.71,0,0,0,0,0,0,0,0,0,0,0,0,0,0,105.967,0.121472,47.5384,8.66382,263.77,15.2935,28.5427,0,0,0,0,16.7149,0,0,0,0,3.15231,0,0,0,0,130.651,0,0,0,0,0,0,0,0,0,0,0,0,0,0,0,0,0,0,0,0,0,0,0,0,0,0,0,0,0,0,0,0,0,0,0,7.82105,0,0,0,0.171713,0,76.6137,0,0,670
0.804719,0,0,9.47498,0,0,0,0,23.8866,0,0,8.77838,0,40.9385,0.0812042,12.0336,0,22.9232,1.73998,0,0,0,0,0,0,0,0,0,0,0,0,0.000220361,2.42217,0,0,0,0,0,0,0,0,0,0,0,0,50.1474,0,0,19.2528,23.9819,0,0,0,0,0,0,0,0,0,0,0,0,0,0,0,0,0,0,0,0,0,0,0,0,6.59499,0,0,0,0,0,0,0,0,0,0,17.7417,0,0,0,38.7528,0,0,0,0,15.3139,19.0784,30.0891,0,0,0,0,0,0,0,0,0,0,0,0,0,0,0,0,0,0,0,93.7992,0,300.214,54.4469,0,0,0,0,0,0,0,0,0,0,0,0,0,0,0,0,0,0,0,0,0,589.555,0,0,22.3638,0,0,0,0,0,0,0,0,0,0,0,0,0,0,0,0,0,18.1488,0,0,0,0,0,35.4012,0,0,0,0,0,0,0,0,0,0,0,0,0,0,0,0,0,0,0,0,0,0,100.36,0,0,0,5.07456,0,0,0,0,0,0,0,0,0,0,0,0,0,0,0,0,0,216.199,26.2628,0,0,0,0,0,0,0,0,45.2089,0,0,0,0,0,0,0,0,0,0,0,0,0,0,0,0,0,0,0,0,0,0,4.71448,24.6046,0,0,0,0,0,101.79,0,0,0,0,0,0,0,0,27.9829,24.2986,9.94796,0,0,0,0,0,148.866,30.4827,0,0,0,0,178.649,0,16.2317,0,60.5276,265.569,0,3.29751,0,0,0,33.721,0,0,0,0,0,0,0,0,0,0,0,40.9657,0,7.72691,0,0,0,0,15.0277,0,0,1.22317,0.395919,0,0,0,0,0,0,0,0,0,0,0,0,0,0,0,0,0,0,0,0,0,4.41984,46.4974,86.1243,30.4537,0,0,77.5117,29.6242,23.9312,6.23192,0,55.7169,0,0,0,5.69952,16.794,11.9913,14.2135,15.1209,0,0,0,0,24.6391,0,0,0,22.7971,39.2933,391.062,0,0,0,0,0,0,0,0,0,0,0,0,4.88384,0,0,0,0,0,0,0,0,0,0,0,0,0,361.234,0,0,0,0,0,40.1982,0,495.291,795
28.5783,0,123.865,0,0,0.0481914,0,0.40462,17.8692,12.555,0,60.5776,0,3.35883,24.9332,31.6542,0,0.356186,0.00377602,0,0,0,0,0,0,0,38.6465,0,5.73139,60.8535,1.19542,28.3804,3.03857,0,0,0,121.221,116.153,897.264,51.2668,52.4098,62.725,27.9317,15.6874,0,43.0089,0,0,72.1795,0,0,50.8922,0,0,0,0,0,0,0,5.37435,5.22252,0,0,0,0,5.38452,0,12.5021,9.50082,0,0,0,0,8.68754,79.6321,0,1814.09,0,0,0,0,0,0,0,1641.96,0,0,0,1183.04,23.4953,2096.12,0,0,0,74.1033,76.5935,41.247,0,0,0,859.512,0,0,0,0,0,0,0,0,0,0,0,0,0,0,0,124.639,0,49.9715,0,0,0,0,135.365,8.11754,0,0,5.07797,0,0,0,6.05103,0,0,0,0,0,0,0,0,25.9192,98.9795,22.9163,2.88036,0,0,0,0,0,60.1428,0,0,0,0,0,341.277,24.661,0,0,0,0,16.0947,0,0,28.1624,0,71.4141,0,9.93645,0,0,0,0,0,115.646,0,0,0,0,0,81.1822,0,0,0,57.7629,0,0,71.2836,0,0,0,594.696,197.697,50.0384,36.9399,156.607,0,6.26858,0,3.94792,7.84338,0,0,0,0,0,0,0,8.21704,0,0,221.572,0,112.562,211.182,0,257.068,171.366,64.0064,23.7743,0,7.5245,0,9.55202,72.8326,8.16512,0,0,0,0,0,5.5648,0,0,0,0,0,0,0,0,0,0,0,0,0,7.85932,6.25881,79.7961,43.6835,0,0,54.1241,150.658,0,0,8.2986,0,0,0,0,0,0,176.137,95.9487,18.8694,5.60996,0.583503,0,0,24.6667,377.433,56.8835,0,17.8644,104.073,0,595.182,30.73,123.945,0,209.432,1147.03,30.9426,17.8349,0,0,0,95.9847,0,26.7026,0,47.7334,0,0,0,23.1391,0,43.4484,31.0317,0,31.7972,7.58086,0,0,96.4632,0,51.3738,0,15.838,79.5005,22.639,0,0,0,0,0,0,90.734,54.6472,0,0,0,0,0,0,0,0,0,0,0,0,0,276.43,0,0,16.239,167.534,76.8166,0,7.16061,41.0203,26.5628,19.7983,50.8951,25.7428,0,0,0,143.426,48.7817,53.9386,32.6645,0,144.365,9.56613,228.271,88.6503,0,0,0,0,9.59443,58.6007,0,165.32,235.343,0,0,0,0,0,0,0,0,0,6.09866,0,0,0,0,0,0,0,190.034,0,0,282.532,0,0,0,0,4.67283,0,0,0,253.294,13.4406,635.035,850
2.91064,0,144.292,0,0,0,0,0,45.4354,0,0,4.80464,0,0.992158,0.2653,0,21.3834,0,0,0,0,0,0,0,0,0,43.055,0,0,0,0,0,1.34449,0,0,0,14.1516,0,82.129,9.45848,250.101,281.251,147.902,64.7349,0,46.6336,0,0,34.2062,0,0,25.4486,0,6.54708,0,0,0,0,0,0,0,0,0,0,0,0,0,452.014,0,0,855.44,614.912,267.447,51.7081,0,0,8.5066,0,121.383,203.161,199.98,338.131,98.3916,71.3354,0,0,0,0,0,43.1923,0,16.7841,0,0.000127099,67.9892,61.5563,46.8885,20.6774,13.0948,0,0,0,0,0,0,0,0,0,31.9601,0,0,0,0,0,58.1136,0,244.707,0,266.021,16.3911,0,0,0,0,0,0,0,6.98058,0,0,0,9.25954,0,0,0,0,0,0,0,7.33789,53.9597,493.914,17.4993,4.12588,605.791,0,0,0,0,21.9702,8.67861,0,0,0,0,231.42,33.5083,0,0,0,0,14.3742,0,0,17.1204,0,30.9171,0,0,0,0,0,0,0,9.26122,0.483211,0,0,0,0,19.73,0,0,0,91.7896,0,0,121.915,0,0,0,701.21,21.7042,77.9205,19.1233,164.798,0,0,0,12.2506,7.41011,0,0,0,0,0,0,0,0,0,0,40.6834,0,111.622,222.399,0,249.997,180.727,9.18832,38.2954,6.35999,16.0316,0,0,12.9189,8.73869,0,0,0,0,0,9.69263,0,0,0,0,0,0,0,0,0,0,0,0,0,0,51.8739,238.851,160.245,0,0,6.82954,0,0,0,17.2662,7.07561,0,0,0,0,0,76.4975,70.6899,0,8.35559,0,0,0,0,0,31.0355,0,34.4589,100.274,0,244.113,31.0246,51.1213,0,63.2924,1107.5,0,3.33669,7.54661,0,0,53.1547,0,93.1582,0,0,0,0,0,0,0,8.83716,0,0,11.675,0,0,0,0,0,85.9367,0,0,141.351,33.1629,0,0,10.3354,0,0,9.12422,30.3351,0,0,0,0,0,0,0,0,0,0,0,0,0,0,7.68212,26.2415,72.1008,0,20.6467,5.38821,0,0,24.8262,10.7813,0,0,12.3684,0,0,19.0967,79.0179,0,0,8.57136,0,0.00507618,4.9103,0,0,0,0,0,0,0,61.8993,0,0,4.6272,0,0,0,0,0,0,0,0,0,2.7722,0,0,0,0,0,0,0,162.533,0,0,237.193,0,0,391.333,749.993,18.0324,55.0456,6.42697,0,73.4736,0,61.631,620
7.02402,0.00681397,0,0,0,0.418846,0,0.980679,27.1174,0,4.48984,20.6311,0,35.3244,1.22E-05,0,0,0,0,0,0,0,0,0,0,0,44.1418,0,8.44478,5.70045,0.0113943,0.116914,3.24325,0,0.0622135,0,7.4548,0,3.91212,0,0,0,0,0,0,0,0,0,0,0,0,19.9914,0,0,0,0,0,0,0,0,0,0,0,0,0,4.59692,0,0,0,0,0,0,0,21.91,0,0,0,0,0,0,0,0,0,0,0,0,0,0,0,36.2239,0,0,0,0,149.018,9.82419,64.3261,0,0,0,0,0,0,0,0,0,0,0,12.9577,0,0,0,0,0,35.945,0,84.1926,0,0,0,0,0,0,23.5865,0,0,0,0,0,0,0,0,0,0,61.8776,4.44019,6.00827,0,0,59.5897,28.996,0,24.2453,31.4053,0,0,0,0,6.89349,0,23.097,6.20404,0,0,0,0,30.4317,0,6.32225,0.347197,0,0,0,3.17692,0,0,0,5.14006,11.0207,0,0,0,2.9746,0,7.18095,0,20.9273,4.76578,0,0,48.9629,0,0,0,56.1665,12.051,0,44.849,0,0,0,508.886,15.9189,46.9841,23.6131,151.825,0,0,0,0,4.65371,0,0,0,0,0,0,0,29.7917,0,0,43.1812,0,0,187.397,0,91.903,110.667,7.443,24.7942,0,0,0,0,7.54533,0,0,0,0,0,0,41.0203,0,0,0,0,0,5.57769,0,0,0,0,0,0,0,0,0,74.2039,121.698,22.3257,9.65122,0,0,17.2158,0,6.27631,0,0,0,0,0,0,0,0,0,16.594,61.1447,0,0,0,0,15.9702,0,9.98532,0,0,98.8467,24.4742,3.31602,0,15.5934,939.766,28.3268,6.0838,0,0,0,70.8191,0,83.2029,0,0,0,0,0,0,0,0,0,0,0,0,0,0,0,0,17.6371,0,4.79085,44.5612,11.1666,0,0,5.3339,0,0,0,0,0,0,0,0,0,0,0,0,0,0,5.07187,0,0,0,0,2.72866,0,0,0,43.116,0,0,10.9796,6.18329,6.07088,0,0,0,112.19,2.07962,12.6297,9.19521,19.4933,43.9511,0,0,3.5881,0,0,0,0,0,0,0,191.73,0,0.0344126,25.036,0,0,0,0,0,0,0,0,0,61.8057,0,0,0,0,0,0,0,76.754,5.40431,0,170.621,0,0,0,0,24.0392,0,27.5858,0,172.851,10.4088,0,710
0.0636603,0,10.5256,0,0,0,0,1.32002,0,0,0,12.2064,0,0,0.135574,0,0,0,0,0,0,0,0,0,0,0,10.578,0,0,25.322,0,0,0,0,0,0,0,0.226917,0,0,9.69842,0,0,9.4672,0,13.7151,0,0,0,0,0,4.19258,0,0,0,0,0,0,0,0,0,5.20463,7.16743,0,0,0,0,0,0,0,0,0,0,0,0,0,0,0,0,0,0,0,0,0,0,0,0,0,0,0,0,0,0,0,104.052,124.309,90.169,0,0,0,0,0,0,0,0,0,0,0,0,0,0,0,0,0,0,0,10.465,0,103.979,0,0,0,0,0,0,0,0,0,0,0,0,0,0,0,0,0,0,0,0,0,33.0749,93.5549,9.50246,0,129.686,0,0,0,0,0,0,0,0,0,0,58.7158,14.7632,0,0,0,0,0,0,0,0,0,5.75564,0,0,0,0,0,0,0,51.8064,0,0,0,0,0,0,0,0,0,62.5384,0,0,70.1169,0,0,0,498.066,63.3652,67.2036,14.6301,115.696,0,0,0,0,0,0,0,0,0,0,0,0,0,0,0,51.7149,0,67.7308,192.284,0,119.522,132.499,11.2157,33.1612,0,0,0,0,17.3344,7.89337,0,0,0,0,0,0,6.18193,0,0,0,0,0,0,0,0,0,0,0,0,0,0,0,107.602,0,0,0,0,0,0,0,0,0,0,0,0,0,0,0,0,9.0004,0,0,0,0,22.7906,66.3297,14.2529,21.7088,13.6513,0,241.622,54.216,46.493,0,76.5944,955.259,8.02388,12.7633,0,0,0,127.023,0,89.9295,0,0,0,0,0,0,0,7.99373,0,0,26.0288,0,0,0,10.2469,0,31.9721,0,0,62.4352,17.4484,0,0,0,0,0,0,12.7643,0,0,0,0,0,0,0,0,0,0,0,0,0,0,0,0,0,0,61.911,192.325,85.3437,0,29.1276,0,0,0,0,0,0,5.99152,6.94669,0,0,0,0,0.232307,4.74319,0,0,0,0,0,8.02471,0,0,0,7.04216,61.8226,0,0,0,0,0,0,0,0,0,0,0,0,0,0,0,0,0,106.173,0,0,227.989,0,0,0,122.74,22.098,51.1539,19.3618,0,112.078,0,0,760
0,0,27.6706,0,0,0,0,21.781,0.11936,0,0,14.8875,0,0,0,0,0,0,0,0,0,0,0,0,0,0,2.08593,0,0,0,0,0,0,0,0,0,18.8126,0,4.75148,84.4598,30.5483,22.8368,0,0.0839545,0,62.0777,0,0,0,0,0,0,0,0,0,0,0,0,0,18.8841,0,16.6808,0,0,0,0,0,0,11.5434,0,0,0,24.813,0,8.97419,0,0,0,0,0,0,0,0,0,0,0,23.5205,24.4506,0,35.0744,0,0,0,0,53.1604,0,30.67,0,0,0,0,0,0,0,0,0,0,0,0,0,0,0,0,0,6.69559,0,163.057,0,128.51,20.3275,0,0,0,0,0,0,0,0,0,0,0,0,0,0,0,0,0,0,0,0,10.8997,231.394,7.79306,0,0,0,0,0,0,22.3882,0,0,0,0,0,41.3875,0,0,0,0,0,0,0,0,0,0,4.33472,0,0,0,0,4.71774,0,0,109.784,0,0,0,0,0,0,0,0,0,40.4247,0,0,64.808,0,0,0,574.695,191.688,34.6063,33.5462,77.7369,0,0,0,0,8.4685,0,0,0,0,0,5.46266,0,0,0,0,120.992,0,106.541,217.582,0,69.0473,96.6439,9.83461,24.5966,0,0,0,0,23.7142,0,0,0,0,0,0,0,0,0,0,0,0,0,0,0,0,0,0,0,0,0,0,61.3032,33.1484,0,0,0,0,0,0,15.665,0,5.64156,0,0,0,0,346.325,245.815,102.627,6.70626,0,0,0,43.8656,192.213,21.5579,0,5.21365,20.7786,0,438.507,17.6667,93.6782,0,153.749,1071.88,18.3603,0,0,0,0,72.2736,0,5.12912,0,40.5768,0,0,0,15.3433,0,0,0,0,0,0,0,0,0,0,0,0,4.04758,52.3747,0.655381,0,0,0,0,0,0,33.058,0,0,0,0,0,0,0,0,0,0,0,0,0,0,6.01765,31.111,0,51.6044,14.1138,0,61.4938,45.6786,13.1817,19.6535,16.9057,108.806,0,0,26.49,0,19.5958,98.2451,109.005,177.331,0,0.631434,0,95.6656,46.6195,0.388742,0,0,34.407,0,402.71,0,0,103.208,0,0,0,0,0,0,0,0,0,0,0,0,0,0,0,0,0,90.2682,0,0,145.165,0,0,1.05821,25.9794,0.802762,0,67.3337,0,112.318,9.29209,524.684,730
0.449159,18.2499,0,0,0,0.373489,0,0.161286,60.0907,0,0,34.0225,0,103.023,8.07122,33.4947,0,0.0230207,0.336537,0,0,0,0,11.8356,0,0,24.5854,0,9.71887,0,0,1.76022,12.2121,0,0.451612,0,22.6646,0.10846,6.04468,0,8.26703,0,0,9.51253,0,70.3203,0,0,0,33.4248,0,26.6886,0,0,0,0,0,0,0,0,0,12.461,0,0,0,6.56286,0,0,0,0,0,0,0,0,15.474,0,0,0,0,0,0,0,0,0,0,41.9815,61.8748,0,0,4.68865,0,0,0,0,6.55312,0,3.08273,0,0,0,0,0,0,0,0,0,0,0,8.3165,0,0,0,0,0,0,0,29.4821,0,470.906,102.252,0,0,0,0,0,0,0,0,0,0,0,0,0,0,0,0,0,0,0,0,49.523,929.477,19.9706,0,0,0,0,0,0,0,0,0,0,0,0,0,34.8923,0,0,0,0,0,9.02215,0,0,0,0,0,0,0,0,0,0,0,42.148,0,0,0,0,0,42.2064,0,0,0,45.3606,0,0,83.0299,0,0,0,565.551,126.206,54.289,16.8264,97.4977,0,0,0,0,0,0,0,0,0,0,0,0,9.56027,0,0,99.9016,0,297.367,224.981,0,108.757,148.449,23.5276,13.5663,0,0,0,0,38.9642,0,0,0,0,0,0,14.1795,0,0,0,0,0,0,0,0,0,0,0,0,0,0,3.97952,0,0,4.66207,0,5.72313,0,0,0,6.15112,0,0,0,0,0,0,186.938,125.159,31.3908,0,0,0,0,0,0,44.5557,6.85663,31.4229,19.7045,0,174.29,24.574,23.985,0,47.0015,1166.69,22.133,16.2623,0,0,0,49.5175,0,0,0,0,0,0,0,0,0,0,8.38995,18.6182,46.4602,0,0,0,13.0487,6.72513,9.81562,0,0,86.9445,24.3942,0,0,0,0,0,0,0,0,0,0,0,0,0,0,0,0,0,0,0,0,0,0,8.44142,8.40424,7.81858,0,0,0,0,0,0,0,0,20.5171,0,0,0,0,0,0,0,0,0,0,0,0,0,0,0,0,0,31.997,0,0,0,0,0,0,0,0,0,0,0,0,0,0,0,0,0,0,0,0,0,0,0,0,0,0,213.407,16.1292,0,0,0,0,120.678,4.52719,543.004,680
7.85203,15.6782,0,21.6424,0,0.824948,0,0.027688,34.8069,0,0,27.857,0,58.4494,51.5057,21.1277,0,0,0,0,0,0,0,25.4197,0,0,0,0,0,0,0,1.77755,0.0564587,0,0,0,0,0,0,0,0,0,0,0,0,22.9679,0,0,0,0,0,60.3658,0,0,0,12.3783,0,4.13458,0,0,0,0,57.204,36.0882,28.6397,16.0014,5.14265,0,5.5662,0,0,0,0,0,0,0,0,0,0,0,0,0,0,0,0,0,0,0,0,0,0,0,0,0,125.986,116.597,89.1349,0,0,6.16387,0,7.0579,0,0,0,0,0,0,9.48019,5.68989,0,0,7.31266,0,23.02,0,0,8.47917,83.8769,0,0,0,0,215.473,7.11949,0,0,8.5872,0,12.4642,0,29.8481,0,0,17.497,0,26.4986,0,0,9.74948,136.057,152.548,84.663,25.3508,0,0,0,0,0,0,7.13154,0,0,0,0,0.749747,68.7427,43.329,0,0,0,43.3278,0,0,14.2727,0,13.5581,0,74.6614,0,0,0,0,0,236.452,0,60.3747,0,0,0,271.506,0,0,0,194.823,0,0,242.479,23.8866,9.91282,21.8319,1374.87,364.886,162.026,104.684,509.124,10.516,11.2043,0,5.69173,33.6883,0,0,0,0,0,21.203,0,31.3981,0,0,521.108,0,144.098,639.544,18.303,469.935,472.059,17.6648,126.61,32.7107,62.7301,24.3382,0,57.2587,43.9608,0,0,0,0,0,55.2502,22.3343,0,0,0,0,0,0,0,0,0,0,0,56.2853,51.6757,1.98926,0,77.1495,37.8727,4.58346,0,6.82617,0,6.13811,74.9781,40.9978,0,0,4.99108,0,0,45.2139,45.6849,0,70.6871,0,0,0,0,0,0,0,70.4937,97.8595,0,1263.89,0,266.808,0,459.264,3060.99,116.122,75.6679,20.4604,0,0,0,0,58.1605,95.7679,11.5847,0,0,0,0,0,42.8611,241.093,0,0,0,0,41.1468,0,0,143.226,29.0683,240.325,424.99,308.202,73.6772,0,76.7188,11.3885,0,47.8115,0,411.168,8.09232,0,0,0,0,0,0,0,0,0,0,0,0,7.67415,11.6647,0,15.1693,0,66.5082,16.409,5.48549,37.8836,9.41679,6.20175,7.48109,0,0,0,0,39.1173,31.4441,23.2422,30.3246,0.399015,0,0,0,0,0,0,0,12.0059,0,222.6,0,84.6533,82.8386,0,13.0051,6.41863,96.0209,0,16.157,16.3347,0,6.60583,4.93382,0,0,0,0,0,0,0,0,0,0,85.62,0,0,0,236.25,556.837,0,43.5816,73.207,1131.45,57.2959,0,720
60.5717,0,96.3912,0,0.140306,26.2137,0,144.939,105.026,9.05259,0,107.403,66.0589,74.4774,134.672,35.7836,0,0,5.99268,0,0,8.63783,0,19.5441,0,0,16.7688,0,0,0,30.7267,78.9513,37.5087,0,0.337932,0,131.182,1.00649,0,0,65.8778,88.6876,0,38.7267,0,133.835,8.08042,0,50.0087,0,0,137.502,0,0,0,18.4266,0,0.236127,17.1589,12.9026,6.95838,0,48.0659,22.6044,37.4953,6.33914,0,0,48.3239,0,0,0,0,13.5725,0,0,0,0,0,9.7744,0,9.24403,12.38,8.29342,0,261.041,283.148,0,0,33.4873,0,0,0,25.5663,73.4408,65.7931,48.5774,0,0,11.6554,0,51.2451,7.76769,28.056,40.3939,0,7.9886,23.1448,18.328,65.4882,0,13.6369,32.5468,0,9.55388,0,143.234,14.0436,293.138,42.8188,0,0,0,138.214,0,0,0,24.1757,0,30.297,0,39.938,0,0,0,0,16.0509,0,0,23.4647,132.7,480.023,99.4648,15.9552,0,0,0,0,0,27.6685,0,0,0,0,0,85.4145,99.4998,23.8397,0,0,0,0,60.6999,8.05102,0,0,6.70511,0,61.2233,0,0,55.8831,0,0,151.685,0,43.4867,16.3284,0,0,315.202,0,0,0,248.847,0,7.97103,315.397,31.1427,0,0,1234.52,150.096,165.084,83.7491,623.225,0,0,9.65852,20.3946,22.0794,0,0,0,0,0,9.36538,0,38.2603,0,0,451.201,0,216.407,506.558,0,469.375,535.203,353.026,75.7492,17.8923,71.5662,17.8039,59.1541,391.721,48.5771,37.1934,19.9372,0,0,0,10.4486,0,0,64.8197,0,9.4352,30.2615,0,0,4.88517,0,0,0,14.2319,0,27.1434,39.0918,166.404,61.4753,0,0,0,0,0,63.4816,23.7932,0,0,20.3532,0,0,42.2719,23.4696,0,80.4511,5.66821,0,0,0,71.9934,0,0,92.8416,0,0,191.308,0,28.73,0,48.6359,2701.51,89.4716,70.1557,28.8755,0,0,14.2455,0,103.819,10.2456,0,0,0,0,0,0,0,39.9294,0,2.24628,0,0,0,0,0,9.78732,23.7287,54.982,358.789,218.104,23.1193,0,84.9766,0,0,26.8888,0,66.3587,0,0,0,0,0,0,0,0,0,0,0,0,0,0,22.5203,116.219,7.25694,8.03675,0,51.0166,0.820205,0,6.34787,9.75154,8.2197,0,0,0,0,30.4129,6.50903,0,0,0.541533,13.7101,0,0,0,0,0,0,0,0,0,0,14.263,75.9978,0,0,0,8.64441,0,0,10.0265,0,8.4737,0,0,0,0,0,0,0,0,110.734,0,0,200.132,0,0,399.102,0.00355512,259.557,0,4.69165,0,798.168,9.23383,589.504,730
29.1423,0,58.2493,0,0,0,0,0,0,0,0,31.6324,0,3.34576,17.3379,0.0596178,0,0,0,0,0,0,0,0,0,0,22.9617,0,0,8.56221,0,28.0682,0,0,0,0,39.8678,0.0611497,3.00321,14.8119,12.2758,21.288,0,24.6047,0,0,0,0,0,0,0,67.7732,0,0,0,8.96772,0,0,0,0,0,0,59.5945,46.4719,50.6495,0,0,0,0,0,0,0,0,0,0,0,0,0,0,0,0,0,0,0,0,32.9127,17.2215,0,0,0,0,0,0,0,22.5162,13.801,20.0084,0,0,0,0,26.0872,0,6.95465,8.69145,0,0,0,9.19231,0,0,0,0,0,0,0,5.41663,10.4567,177.909,0,0,0,0,17.716,0,0,0,40.2465,0,9.96905,10.4576,41.0722,0,0,24.0785,6.19975,39.7862,0,0,25.8466,164.547,164.088,96.8336,24.9382,0,6.90007,0,0,0,32.4449,0,0,0,0,0,67.3426,106.984,46.2503,0,0,0,0,28.065,0,0,0,37.4245,0,0,0,0,34.6387,16.6259,0,441.471,0,48.3327,0,0,0,87.5584,0,0,0,251.279,0,0,299.572,22.3981,0,0,1282.9,516.064,220.284,122.64,496.868,0,8.58358,30.2127,9.21314,10.6704,0,0,0,0,0,0,0,42.0452,0,0,456.023,0,9.80403,542.174,0,438.701,507,0,105.429,9.02309,57.5073,29.7813,0,33.9783,46.2626,0,0,0,0,0,29.7399,19.8984,0,0,0,0,13.4164,0,0,0,0,0,0,29.2887,0,0,0,85.3077,37.471,0,0,0,0,0,64.8845,21.8548,0,0,11.9658,0,0,15.8909,16.5278,0,94.7643,18.3796,0,0,0,0,7.80407,0,86.2256,13.981,0,160.268,8.88198,11.8729,0,46.8211,2808.1,91.2253,71.5438,9.44469,0,0,28.4975,0,64.7052,38.1297,0,0,0,0,0,0,0,62.7007,0,0,0,0,0,2.36369,0,25.9903,24.7155,26.9415,336.604,220.235,51.3271,0,58.3246,0,0,27.2997,0,0,0,0,0,0,0,0,0,0,0,0,0,0,0,0,16.0379,48.7574,0,0,0,0,0,15.5734,6.50214,0,6.12418,0,0,0,6.71692,15.5039,17.1289,0,7.51087,0,0,0,0,0,0,0,0,0,0,131.263,0,0,42.7064,0,0,0,0,0,0,0,0,0,6.40403,0,0,0,0,0,0,0,61.5893,0,0,179.798,0,0,374.487,0,278.118,7.45078,0,11.9855,786.109,51.3238,0,890
38.3854,38.1589,0,16.0326,2.41501,103.38,61.7122,167.375,230.335,16.1835,3.91848,61.9375,82.2647,101.922,152.246,23.2495,0,0,14.7354,0,0,17.4975,0,49.3349,34.8384,9.66E-05,30.4577,0,0,7.11776,36.0005,141.323,35.8951,0,2.99867,0,105.771,0.0847715,0,0,13.968,0,0,14.8103,0,52.9627,0,0,0,0,0,135.592,11.8689,8.52217,0,0,0,0,7.61994,0,0,7.58671,55.7109,35.4742,28.5428,19.3052,0,0,5.92791,7.09965,0,0,0,19.0678,0,265.791,0,9.01118,0,0,0,0,0,0,0,0,0,45.8732,0,31.5522,0,10.1334,0,39.7103,25.1096,7.38557,7.50471,0,0,7.44185,0,55.471,0,22.819,24.2297,8.7398,0,26.8472,8.04123,68.0024,0,0,62.9338,0,40.927,0,235.883,15.3297,101.223,0,0,0,0,326.47,53.1191,0,0,50.81,0,9.32742,0,36.1515,0,0,18.0698,0,19.6119,0,0,6.80234,155.694,114.666,101.197,18.3586,86.2216,0,0,0,0,32.1645,0,0,0,0,0,0,102.734,36.6637,0,0,0,8.11021,0,0,0,0,0,0,180.586,0,0,0,8.89312,0,535.035,0,64.9956,0,0,0,448.745,0,0,0,258.061,0,0,361.852,0,0,0,1774.05,674.146,148.115,143.676,737.674,0,41.4587,0,15.832,36.3246,0,0,0,0,0,12.1152,0,62.2437,0,0,1042.89,0,98.188,750.364,10.0207,502.16,588.503,25.8402,137.396,21.651,67.1079,31.941,0,78.9854,28.3171,0,0,0,0,0,75.6212,18.5907,0,0,0,0,0,14.011,0,0,10.2745,0,0,62.1046,40.8224,12.0389,152.42,10.5458,29.7386,8.91889,14.9831,0,0,0,137.817,43.5352,7.06351,9.82415,15.9259,25.2716,0,0,0,0,79.6957,20.0052,0,0,0,0,0,0,84.9731,20.101,0,109.297,0,14.6362,0,22.2629,3965.62,147.302,102.389,13.4835,0,0,0,0,6.8591,23.6421,11.2244,0,0,0,0,0,0,107.783,0,0,14.9462,0,0,0,0,0,64.963,136.322,520.992,400.356,62.9498,0,112.871,5.02141,0,80.672,15.9696,246.596,0,0,0,0,0,0,0,0,0,0,0,0,0,0,0,0,0,0,0,21.0857,8.24825,0,0,0,26.9022,0,0,0,0,0,0,0,0,0,6.40004,0,0,0,0,0,0,0,0,37.5263,0,0,0,0,0,0,80.1355,0,0,22.1549,0,10.0657,7.55195,0,0,0,0,0,0,0,31.6714,0,0,0,0,0,489.284,0,383.762,0,7.23662,29.9218,1072.02,42.9597,0,690
57.2061,0,0,17.7914,0.175671,118.475,39.9539,126.812,262.76,29.4517,0,53.4947,84.9359,22.2656,139.679,11.6452,0,0,11.5317,0,0,0,0.00982478,74.868,14.6267,0,40.0042,0,0,24.24,21.6441,127.418,38.5586,0,1.41413,0,120.197,0.0567945,0,9.89176,0,0,0,22.3003,0,96.5904,0,0,0,0,0,174.58,0,0,0,0,0,0,10.5984,0,0,45.4923,97.0891,73.4472,64.6809,11.1371,0,0,11.2125,0,0,0,0,19.3454,0,340.564,0,20.876,0,0,0,0,0,0,0,0,0,71.6633,0,30.681,0,0,4.70058,9.13142,93.1152,113.2,84.109,0,0,9.6935,0,40.8901,0,38.6883,10.9005,0,0,36.4979,25.8785,59.1734,11.1006,7.24304,49.5856,0,25.1265,0,275.811,12.0302,132.69,0,0,0,0,298.566,13.9732,0,0,11.5137,0,23.5237,8.6319,37.7769,12.0277,0,8.74356,0,64.0518,0,0,8.582,192.848,188.771,136.766,20.1957,71.7878,0,0,0,0,21.0734,0,0,0,0,0,0,163.134,69.1784,0,0,0,13.2282,0,0,0,0,0,0,231.912,0,0,0,0,0,650.563,0,106.285,0,0,0,546.284,0,0,0,368.38,0,0,382.392,11.2679,9.06084,0,1671.83,713.448,218.293,127.155,874.72,14.1303,0,0,13.3441,0,0,0,0,0,0,30.8443,0,44.939,0,0,1200.5,0,93.7082,705.671,0,649.808,649.778,43.3798,122.662,2.59755,49.7758,41.5658,0,94.4837,71.0593,0,0,0,0,0,56.0058,21.4694,0,0,0,0,12.5478,0,0,0,10.6636,0,0,72.1059,29.3805,27.5216,192.728,14.5806,48.4014,24.2959,14.9246,0,0,0,93.7552,57.9207,0,14.4456,0,0,0,0,0,0,109.247,8.94753,0,0,0,0,0,0,116.224,38.5695,0,164.458,0,7.02404,0,53.3515,3416.64,118.872,85.4821,60.3787,0,0,0,0,0,39.7073,0,0,0,0,0,0,0,108.791,0,0,7.27171,0,0,0,0,7.0782,78.9917,143.538,697.068,447.659,93.8099,9.48164,140.741,45.8208,0,88.2324,10.175,172.081,0,0,0,0,0,0,0,0,0,12.7316,0,0,0,0,0,0,0,4.62828,66.5383,61.3435,0,10.5237,0,0,51.4966,0,0,0,0,8.46243,0,0,0,0,0,0,0,0,0,0,0,0,0,0,0,0,0,0,0,0,45.9066,0,0,11.8139,0,9.08911,0,0,0,0,0,0,0,0,23.8229,0,0,0,0,0,415.261,0,359.142,0,0,12.8703,953.8,15.2182,28.7929,570
143.643,284.113,17.5479,8.17578,1377.04,292.677,190.032,294.168,381.115,148.445,58.6543,444.285,529.39,907.248,396.527,571.847,959.563,114.192,492.645,412.733,312.52,170.855,247.373,275.079,125.29,5.00089,56.0982,113.837,45.6117,1.7483,144.875,610.221,722.119,1005.95,118.215,337.647,505.4,291.276,56.9558,0,69.448,78.2085,35.3568,26.4317,441.515,0,161.773,57.1437,54.7391,0,496.646,1153.31,74.3275,228.804,0,133.347,46.9603,90.3476,244.383,0,118.548,0,40.331,60.5238,25.2072,26.2933,0,172.129,314.761,173.011,0,0,0,3.49248,4.40705,0,0,1.56349,0,0,0,0,0,0,0,75.2502,70.551,0,0,1.9106,0,269.232,184.811,453.658,35.3308,30.1148,28.0912,0,0,346.03,2.47997,626.95,168.66,465.188,567.207,206.035,198.994,664.53,149.735,803.323,553.332,250.38,758.324,468.279,230.433,400.828,23.6743,351.767,47.4698,0,414.795,337.214,405.995,5929.36,2209.35,937.958,731.577,378.235,156.88,207.34,143.066,273.534,132.015,31.7018,697.026,284.334,331.194,164.255,500.627,573.221,748.981,9.60492,579.769,684.709,0,260.836,86.3633,61.6207,356.581,0,368.951,209.959,188.129,349.764,186.708,0,730.229,251.384,369.665,274.991,467.463,150.092,50.6627,105.937,122.936,249.55,4.39202,163.77,5509.61,289.184,50.1409,0,113.732,35.9028,4438.37,14.3722,383.943,162.852,51.1615,27.3774,14768.8,938.519,537.124,67.4066,1168.34,81.746,219.559,1261.55,151.786,37.7353,190.2,3341.21,3220.16,420.323,437.813,8210.06,351.635,101.377,12.8165,39.5792,142.168,121.102,316.951,77.9745,0,0,90.4015,0,169.822,306.409,155.874,13235,715.513,0,1635,14.6972,1887.29,1793.47,453.829,464.596,128.136,302.731,110.206,0.872167,460.466,142.486,58.7701,41.0685,0,51.0875,0,286.423,139.958,322.325,53.2217,0,35.1816,42.8921,46.7112,55.3862,52.5893,674.551,225.96,156.391,996.084,932.966,39.7858,0,76.5086,495.103,194.13,192.555,22.3813,148.872,134.524,540.126,283.206,70.5951,102.918,85.9303,34.5483,49.9008,0,7.29742,0,516.047,238.337,5.46514,122.292,0,39.7242,197.406,58.4042,451.643,350.376,44.9482,605.879,118.103,132.708,28.4028,225.539,11012.8,557.014,318.088,143.7,89.0717,0,366.43,27.7202,65.2702,448.115,57.9981,0,0,0,16.5771,0,90.2384,1024.62,60.0246,57.7947,5.11373,177.066,87.5532,34.6833,13.5219,146.739,296.46,1484.7,2307.95,2230.64,570.765,262.681,539.176,202.153,271.794,480.535,0,7330.17,1318.4,1267.6,677.008,400.431,200.29,278.211,160.59,167.65,277.969,258.828,167.041,562.323,270.006,47.9345,8.41982,17.0736,12.5073,0,0,1.29018,0,41.4397,21.5983,0,7.65357,835.821,44.4797,45.7577,154.794,52.3589,39.4425,50.8295,47.1609,111.946,35.0948,91.668,0,0,224.476,0,0,0,0,75.4325,79.8508,46.0791,29.0419,0,46.1217,8.17799,202.843,22.043,0,263.825,12.6823,144.092,106.05,21.5145,71.666,90.8651,89.4425,0,44.3494,75.0015,0,50.1168,0,31.7134,14.6764,49.873,0,0,4574.71,0,331.038,591.513,6213.88,724.229,0,790
19.8004,0,0,0,0,0,0,0,0,10.9872,0,28.1726,0,0.0108542,69.4221,9.37203,0,0,0,0,0,7.73685,0,43.5335,0,0,0,0,11.1544,0,0,78.3027,24.4551,0,0,0,61.3745,0.181443,0,0,0,0,0,0,0,24.1924,0,0,0,0,0,166.764,0,0,0,60.3822,7.2244,34.3046,0,0,0,0,83.7654,33.3109,56.6773,20.0513,0,9.4481,19.893,6.31919,0,0,0,0,0,0,0,0,0,0,0,0,0,0,0,0,0,0,0,0,0,8.87999,0,50.6067,25.309,22.212,28.2821,0,0,21.3424,0,66.8281,16.8359,24.6659,10.7012,0,0,19.1336,10.8365,64.7186,8.10052,0,36.8943,0,18.5726,0,0,61.3215,259.781,47.4304,0,0,8.19564,627.542,150.936,43.5919,19.4477,68.265,45.5856,55.2337,53.1916,111.968,48.8245,0,104.742,11.3481,137.987,64.8736,18.6846,51.5218,415.361,476.3,296.681,106.507,0,28.7668,8.37274,35.3753,0,0,0,0,12.5958,0,42.5267,0,354.34,129.389,0,0,21.4708,62.5274,0,45.454,12.7106,8.33017,0,10.1337,657.211,0,16.3076,0,36.2042,31.6362,1035.37,0,287.042,72.2725,11.9799,0,1505.92,33.3007,0,29.2188,775.322,28.057,140.213,1085.26,138.705,65.9269,39.2565,3045.88,1216.36,479.247,339.567,1684.59,68.1836,90.195,71.597,52.4003,92.8454,145.38,0,0,120.995,0,81.5915,0,141.59,0,0,2473.73,51.75,130.694,1498.71,20.173,1574.32,1575.25,0,385.965,136.595,265.668,86.0732,0,58.7924,176.398,0,0,0,25.5222,0,208.291,92.9665,35.132,0,38.0953,0,36.7825,38.8432,21.9561,31.7892,91.9208,0,0,338.962,166.852,12.7593,0,0,329.034,95.9147,21.1477,0,147.61,6.58611,364.843,195.284,25.2684,21.5053,51.1678,10.7528,0,0,15.2365,15.5175,393.67,214.314,83.0113,18.96,0,0,1314.5,449.973,385.42,85.693,404.142,754.905,811.382,170.518,22.0971,276.777,8392.46,392.452,209.533,114.59,26.1248,89.5313,1747.79,291.246,0,282.645,0,0,0,0,0,41.139,0,713.495,0,0,0,0,0,0,0,27.4425,167.174,899.057,1709.69,1373.03,350.146,133.18,371.658,104.226,30.0753,297.09,0,3004.27,510.755,441.925,236.336,109.908,66.3847,129.131,39.3181,28.8193,9.40971,47.4237,5.8323,40.2955,22.5223,0,0,0,0,0,0,33.3245,0,0,0,0,0,1451.55,70.2559,0,177.635,7.02588,0,0,0,12.4194,0,361.493,0,0,82.6584,84.8598,0,25.0143,0,0,77.5913,0,0,0,0,0,41.5722,0,0,129.79,12.3471,23.9598,54.8383,27.5184,0,40.7729,24.1714,123.179,171.211,96.04,0,31.3153,98.5484,0.873587,53.633,0,0,306.693,2847.59,90.442,108.938,192.285,2412.45,225.538,135.745,1680
85.2304,23.1311,25.5895,0,393.421,95.6507,70.9753,52.3096,181.141,12.4959,0,211.414,72.5938,399.578,288.976,175.857,98.1938,24.6889,108.708,9.06051,37.8225,23.1025,0.275377,82.3964,69.7472,0,10.179,32.3135,6.9857,0,103.328,294.027,367.021,79.3889,61.6762,15.2184,234.7,0.242404,4.42843,0,38.7167,51.4838,0,35.3943,80.6494,18.6487,45.3402,46.6064,6.36909,0,7.50033,342.668,108.387,39.4172,0,41.2482,5.86222,6.82823,18.8803,0,28.1864,0,80.301,77.6979,49.1277,23.6157,0,0,68.5749,36.1703,0,0,10.6615,18.2484,5.85555,0,0,0,0,0,0,0,0,0,0,0,0,0,0,27.3488,0,27.6474,39.201,114.695,16.9236,25.3416,11.2301,0,0,65.8137,0,168.66,51.7077,52.9445,148.6,72.7026,48.4082,73.4697,45.6959,256.99,56.3956,54.732,205.113,15.8558,41.659,47.3579,108.398,115.981,223.807,31.9446,37.573,61.7915,49.0543,1585.6,557.892,246.147,183.494,130.766,62.0663,91.5932,61.1173,135.194,62.2656,14.9282,82.3252,19.7926,152.124,59.178,13.4843,87.9385,485.096,417.825,338.116,118.326,0,42.3224,7.17056,17.8812,6.126,31.2745,10.9613,0,23.9374,32.7707,0,89.3139,334.979,140.961,0,28.3764,43.0735,62.2441,6.65412,61.1415,17.9553,36.1058,71.6731,19.0605,948.388,0,26.3217,0,44.5933,14.5851,1596.84,0,260.04,58.1943,19.8846,7.75689,2298.76,54.3104,17.3365,9.8322,825.048,17.7836,86.7663,932.93,103.678,22.2368,43.2385,2812.96,1647.09,407.76,287.344,1738.19,101.335,77.184,0,44.374,65.9401,193.9,28.1262,0,263.946,0,66.6211,0,134.622,8.62752,0,3099.4,54.2312,44.699,1313.55,32.8155,1388.48,1318.68,83.5308,344.407,119.197,219.874,112.651,0,165.468,117.776,0,0,0,30.3694,0,175.9,85.8816,89.4679,0,0,0,54.4311,30.3887,29.4072,34.3715,174.015,0,0,418.729,283.165,19.7851,57.9176,61.1608,309.413,74.0859,16.8022,0,77.8784,0,369.787,172.989,8.5825,45.2897,60.9931,34.5055,0,8.93481,10.5476,14.6747,328.225,148.566,70.1269,22.1376,0,0,919.389,286.171,321.164,185.483,290.998,0,562.128,0,13.7283,0,7397.07,358.06,206.229,114.992,14.6548,70.2137,1269.71,197.307,51.5116,356.745,0,0,0,0,0,28.3059,0,969.411,0,6.63092,0,30.87,0,0,24.7528,52.4785,173.172,1339.82,1484.89,1286.55,359.583,98.7325,327.635,81.5877,56.678,267.954,46.3286,2763.13,485.803,405.051,216.899,94.6292,61.0491,74.6126,35.1997,41.4931,21.0056,17.5773,0,57.4085,8.96579,37.5548,0,0,7.15539,43.7991,0,16.4694,0,17.8152,3.34463,5.56901,0,1214.65,59.668,14.0451,161.79,24.0594,0,0,0,107.26,68.0652,234.2,400.085,218.93,226.228,237.632,49.0635,21.4335,0,0,87.4707,57.7332,71.0836,0,19.4696,0,55.3305,0,0,122.821,8.71,51.1305,50.0636,9.41652,0,28.9164,39.889,105.724,153.591,100.088,12.3942,24.2148,73.8441,159.814,41.8091,22.2548,0,28.6019,2688.54,51.2356,214.174,253.761,2630.57,205.801,0,1750
56.1436,11.4726,30.8434,0,87.7524,48.7087,19.6445,35.5475,140.834,21.5966,2.92972,110.601,104.23,313.587,181.816,135.873,33.9991,0,34.4443,4.99438,0,26.0926,0.379472,72.8949,27.8165,0.216659,72.6057,18.8218,0,11.2261,75.5977,181.037,263.958,15.6633,88.6999,0,145.864,12.0328,68.0384,0,45.637,30.7558,0,0.007418,50.1891,0,25.3216,44.9694,0,0,102.553,175.53,4.49847,23.2812,0,53.6936,15.6617,20.0272,0,0,14.9614,0,59.7694,37.8878,27.0634,7.57619,0,100.275,32.1076,31.2707,1033.86,1116.75,0,15.7283,0,0,0,0,543.552,1393.87,831.969,2311.96,336.056,224.394,0,0,0,0,0,31.7396,0,43.4319,21.5668,120.671,65.6828,0,10.4413,678.359,913.587,48.0569,0.238459,185.051,46.8139,82.0631,95.4596,49.5912,46.8594,90.9337,17.3987,243.802,74.721,22.1441,200.125,47.5591,79.8748,18.4188,146.088,137.02,32.2626,0,41.1055,12.6393,0,1096.79,326.781,98.3522,42.4423,157.276,101.689,76.1016,46.6269,106.015,59.3543,0,412.801,154.311,180.691,61.0301,0,300.083,388.243,33.6665,315.1,344.909,0,106.24,36.4118,17.5461,281.288,0,422.727,218.721,134.707,15.7244,99.5215,0,444.66,129.145,315.084,215.596,63.0752,0,0,51.2041,0,51.5943,0,64.1271,642.082,0,43.857,0,66.9478,25.3224,1062.06,0,223.107,66.0015,23.8577,0,1472.76,11.7046,1.11154,31.8672,704.005,68.519,97.3866,768.263,93.629,81.0997,0,3052.83,1089.1,431.529,339.821,1511.82,83.9389,122.845,0.0655832,18.0819,196.765,241.964,163.914,0,88.3433,0,82.7989,0,130.346,0,0,2502.09,34.1877,5.33644,1521.86,45.8176,1081.93,1141.78,186.945,407.665,100.807,194.291,96.2488,0,268.745,107.632,30.7994,8.59057,0,60.4783,46.031,176.531,135.313,42.7624,18.5675,58.7505,0,23.1463,40.1846,18.1844,38.0131,154.129,0,0,287.45,227.126,2.98927,113.668,21.7242,257.877,50.3557,5.34617,49.0449,79.3966,97.2895,398.389,175.544,72.3021,51.3425,73.53,73.1484,0,38.9906,36.4111,34.3951,305.288,160.906,64.5188,19.1733,0,60.1484,876.176,326.103,286.634,13.4419,295.471,195.341,520.339,35.4287,19.6711,65.0326,8673.51,475.891,234.264,92.6686,47.326,57.9605,1159.72,213.577,11.6906,308.745,64.0221,79.224,66.4165,17.5132,52.1818,15.6898,48.0206,708.597,50.5699,10.5118,0,5.70125,42.9869,0,2.90753,4.72097,131.528,1008.81,1216.4,837.551,36.1375,73.996,220.833,88.8483,115.137,206.18,0,3143.52,420.668,304.882,48.2538,157.435,8.786,102.829,23.6406,47.4623,91.2212,36.5747,22.0772,101.55,38.4556,0,16.7302,0,7.15522,0,3.37327,0,0,64.9726,35.5296,27.2991,7.38674,1344.79,64.8413,90.8036,250.84,60.2611,96.4231,101.98,144.614,15.1368,0,307.017,0,0,19.4784,36.6591,0,0,0,79.3485,60.2488,1.38033,3.76273,14.7262,5.19907,18.2676,28.7737,0,0,134.844,16.2408,54.0684,208.947,23.8051,28.7165,60.6812,44.5134,115.03,171.411,84.7526,137.335,107.227,104.02,160.817,65.5569,5.48992,2.88135,0,1906.46,0,130.644,243.677,2309.2,279.588,2.15571,1380
79.612,31.526,28.5356,0,289.808,141.645,106.572,90.3452,183.673,71.955,5.01252,216.43,274.536,470.573,250.892,145.731,57.0394,24.248,109.132,11.727,28.1706,62.9222,15.3133,93.3483,51.1201,0,48.769,41.6683,12.8136,0,132.372,249.126,384.007,71.9523,126.098,0,250.942,34.9345,3.82557,0,112.453,117.791,37.1972,52.5969,88.5155,50.1785,45.8152,20.6605,8.29792,0,184.989,247.546,40.7622,48.6084,3.42349,69.6545,24.9875,38.8771,26.8529,0,15.2241,5.50791,61.5597,21.0363,32.0789,14.4077,0,0,44.2903,27.4099,0,0,13.5761,0,0,0,0,0,0,0,0,0,0,0,0,0,0,11.0923,0,0,0,51.3088,38.6165,132.646,36.0386,22.5619,18.7203,0,0,72.3749,0,216.9,75.0986,146.224,123.014,46.7131,46.1017,168.701,48.4721,260.256,120.107,46.4265,208.165,72.4682,83.4644,18.9881,0,66.484,96.5487,3.76228,16.0032,53.3885,32.9319,1235,385.296,148.037,58.1385,76.8144,35.4499,58.444,64.9157,108.897,54.9663,12.7525,68.0489,21.7996,122.646,75.2803,0,74.1065,328.859,143.528,250.304,78.0971,0,35.3794,6.51874,16.0704,0,0,6.39266,0,12.2468,35.5307,19.7309,0,261.874,109.054,0,6.16892,24.9714,0,0,35.7115,0,46.473,0,22.8016,663.763,0,18.5066,0,41.7574,6.32167,1392.91,0,180.56,36.6244,27.4031,0,1722.7,50.7354,15.4298,19.9346,616.461,17.2626,60.192,787.978,116.579,51.1425,13.3707,2838.39,1387.43,309.722,295.801,1570.24,80.266,123.712,0,34.1808,153.747,0,85.1345,0,0,0,60.3093,0,117.207,0,0,2879.69,77.3736,138.853,1400.03,36.9622,1044.85,1028.31,141.145,342.649,80.956,197.542,80.3777,0,186.51,109.496,22.4993,8.03144,0,42.4511,36.2161,164.185,118.976,26.4075,0,0,0,14.8722,31.1417,14.395,33.8474,184.419,0,0,289.706,259.886,3.97868,0,79.5886,222.436,16.3673,0,0,94.9833,45.5355,379.418,181.437,69.9305,49.3138,45.6894,66.8808,0,110.226,66.5097,50.2134,290.925,139.871,64.285,12.8898,0,0,982.246,352.872,276.97,0,266.353,159.699,600.496,23.6151,17.8694,46.6755,8044.29,420.152,223.263,107.627,15.8862,81.3755,1316.11,220.109,61.2591,284.749,0,0,0,0,0,25.8405,0,733.386,0,1.21738,0,33.8194,8.03801,0,0,33.5336,152.548,1089.37,1128.7,1060.98,267.806,56.9665,258.471,119.047,97.9609,247.777,0,2488.05,377.201,291.79,156.652,93.3758,60.1842,71.457,19.8243,38.0479,48.6795,52.0062,7.93126,130.822,39.5917,0,3.377,0,0,0,0,366.608,180.138,170.712,76.1715,94.6991,253.132,1167.76,45.1075,75.406,287.97,163.524,156.955,164.932,172.297,63.1774,0,288.827,419.269,238.523,222.542,94.3162,0,37.7373,62.7161,252.995,96.0559,105.701,119.448,6.55138,0,7.85642,80.7897,16.8009,0,198.826,49.2438,63.3253,98.7094,19.5598,27.8115,91.3431,49.4194,227.131,232.601,92.2294,84.4129,36.5863,121.035,233.498,74.11,0,2.70642,170.441,3990.11,46.3477,351.61,312.529,2852.75,295.154,193.53,1130
53.5835,50.1114,0,0,424.894,181.062,123.584,80.609,217.708,81.4121,8.58085,96.3291,205.079,407.073,233.27,117.388,68.4808,27.0518,78.2087,4.9946,28.1235,30.2024,7.10617,118.916,52.4961,0,32.8248,34.4641,6.98739,17.2929,86.6549,340.559,262.082,81.2667,31.0699,0,506.814,110.759,0,34.8374,101.474,109.209,47.0863,44.7236,108.617,36.6867,39.8044,20.9161,0,0,0,354.805,155.394,43.9593,0,76.1122,17.8431,24.6769,27.2085,34.5206,28.2153,13.9266,0,6.03776,0,0,0,0,76.2015,40.2586,0,0,0,0,43.6319,879.764,0,6.55721,0,0,0,0,0,0,0,0,0,83.3808,0,0,0,48.8665,39.134,173.267,34.7785,27.8644,24.1596,0,0,80.662,0.109843,260.529,76.2363,107.901,160.697,62.749,60.2952,106.147,54.5451,282.693,72.7173,71.4982,275.227,53.4217,86.0885,96.2814,0,79.1793,73.3803,25.2745,145.823,112.21,101.428,2272.92,822.75,347.277,161.021,93.115,43.0136,80.7324,62.7558,140.495,65.3892,0,80.0785,25.1776,144.138,115.469,0,156.476,469.114,148.372,288.609,111.998,51.8711,35.1147,6.85309,31.0815,0,31.4143,0,0,0,66.2002,33.2438,0,311.651,133.906,17.4843,10.5321,72.2232,0,0,55.8511,0,67.7857,7.13393,26.7364,1634.97,38.8185,33.6298,0,48.4397,8.08658,1810.11,0,231.936,79.5654,37.1621,7.48629,3896.99,148.476,96.1267,40.9991,754.933,27.4879,101.966,899.754,118.991,63.9164,1.32031,3429.27,1637.62,381.998,363.97,2099.82,161.62,131.999,3.02921,37.82,191.798,167.151,204.022,0,85.0568,0,83.931,0,136.027,46.9548,26.2562,4547.32,134.036,104.781,1648.46,68.8681,1195.63,1154.24,112.494,449.679,139.268,247.038,83.0172,0,180.062,122.056,19.3081,0,21.6271,41.7174,0,187.694,148.008,75.8345,7.6443,59.8994,0,40.4135,45.5847,21.4338,17.3714,286.055,7.77113,9.00565,492.235,489.098,8.87882,0,0,270.46,57.7827,10.5999,27.9981,78.0834,107.307,462.057,223.859,42.3958,50.8955,52.4097,76.2604,0,0,0,9.76024,366.464,148.649,66.4189,39.4552,0,16.0339,986.369,351.229,324.926,29.4137,297.365,223.528,688.909,42.6727,23.5554,69.0995,9340.91,517.304,262.851,100.925,71.4892,76.1207,1344.56,211.453,0,408.093,28.6056,0,0,0,0,27.0447,21.8465,1572.64,0,0,22.8286,82.0403,84.5023,0,0,65.5372,189.364,3601.21,1483.67,1545.01,374.433,116.048,342.585,138.898,206.108,310.979,8.07596,7350.26,1172.58,1066.89,531.752,322.091,178.45,274.764,132.188,162.461,321.42,102.112,30.6941,234.994,100.299,56.9225,0,0,0,14.6851,54.1876,221.881,207.646,81.1579,29.3955,34.0258,259.427,2653.9,155.406,76.4916,340.326,60.3806,100.596,89.5157,80.5093,115.626,15.2698,457.076,142.172,70.2178,267.053,222.125,38.3452,28.1596,0,255.305,127.694,6.61054,27.1716,0,28.2701,0,71.8462,23.2579,0,211.235,84.6405,65.3495,93.1245,32.436,15.9486,87.3441,39.1281,169.506,195.399,119.659,0,32.9004,117.832,11.4785,90.5095,21.5366,0,0,5000.36,67.5441,406.819,515.167,5690.17,639.988,558.118,1210
71.0065,0,0,0,73.644,79.2539,51.9309,0,63.1547,75.3253,0,49.8327,86.3691,122.672,136.262,15.6106,16.2624,13.3792,6.56128,0,0,28.851,0,82.3165,20.7157,0,0,9.91485,24.2616,0,30.1311,217.85,115.192,17.8898,0,0,106.642,3.32854,0,0,0,0,0,0.580075,8.07648,54.6395,12.665,39.6191,0,12.7103,0,230.983,0,6.65999,66.2234,69.4628,14.9966,14.7437,5.23701,0,5.29192,0,384.473,241.698,215.527,63.137,40.4277,0,29.7887,24.993,0,0,70.0613,0,0,0,6.96512,0,0,0,0,0,0,0,0,0,0,0,0,17.9501,0,8.38381,0,61.5657,109.252,102.516,82.7327,0,0,23.2368,0,80.0148,9.6652,37.9565,45.3046,19.0026,16.667,49.5359,20.6759,154.063,25.2437,17.928,106.641,0,29.7261,0,50.7024,90.8689,428.156,115.751,10.8117,6.75684,0,813.797,240.784,61.9964,29.6142,99.1105,27.7356,77.6511,66.3074,182.736,81.7253,0,64.4866,23.3205,132.992,25.6055,0,74.3391,461.217,921.954,320.661,101.129,0,41.9928,0,13.2752,0,17.2033,0,0,0,6.95391,0,0,332.326,152.158,0,0,6.58403,70.4895,0,59.9331,24.8339,51.3439,16.088,32.1533,473.302,0,13.8915,39.09,32.4559,0,1869.14,65.2036,217.738,63.0692,8.7148,0,1204.8,9.65539,0,12.4305,810.669,20.9957,58.6391,932.092,137.3,33.2543,16.0073,2946.86,1995.13,403.896,258.392,1549.91,178.51,86.3741,76.3396,41.0409,83.0613,0,0,0,107.385,0,52.2012,0,139.525,0,0,3115.93,56.6096,153.853,1341.11,9.31858,1337.55,1391.36,297.877,298.469,97.4875,264.512,99.9511,0,395.304,130.744,25.8032,26.8923,0,29.413,0,166.458,77.8401,33.9638,24.2922,30.6177,0,53.6725,11.1259,12.8759,23.4103,98.6615,0,0,427.586,182.742,28.9879,10.4712,0,265.291,70.1861,153.446,1.22575,82.6393,0,282.077,201.53,10.9625,41.293,47.4459,0,0,176.196,152.203,38.2734,332.078,135.49,60.5639,25.8642,0,0,1069.74,356.645,325.783,254.561,318.939,306.637,672.973,66.9585,0,106.057,7712.98,324.042,202.438,119.682,17.5533,79.8206,1393.78,232.409,0,245.055,0,0,0,0,0,0,0,800.674,0,67.5981,44.1044,0,25.4626,158.904,45.0483,42.2685,206.43,1678.2,1597.42,1283.79,360.725,126.564,322.014,108.248,32.9334,315.209,97.3365,1091.1,114.519,32.7268,44.1013,0,0,0,0,0,0,8.6583,0,21.4486,0,21.1057,16.1925,61.0194,0,190.194,259.298,89.0406,0,0,0,0,0,791.969,0,48.7663,52.2211,0,0,0,0,35.7065,0,142.334,0,0,82.6891,17.9671,0,10.5866,39.7833,105.699,35.6344,0,0,0,0,0,12.0358,0,0,102.575,0,38.0945,61.1246,0,0,24.2975,24.8765,99.201,167.872,131.984,0,5.89509,58.0314,0,66.0099,11.7866,0,157.258,4342.88,0,292.181,319.317,4374.18,518.68,655.155,1445
152.139,207.085,0,0,1288.59,309.829,261.307,149.937,276.466,108.398,35.0861,154.865,307.981,952.784,398.13,245.675,557.03,94.071,344.671,178.811,158.749,106.698,98.5093,253.864,153.304,1.30647,50.0981,71.2609,35.9981,47.3174,116.79,590.277,625.173,432.822,158.376,99.532,636.007,63.1237,0,49.8071,0,0,0,13.6726,360.902,40.2658,138.873,0,0,9.90025,199.115,487.188,93.6998,165.274,77.0259,119.731,43.3694,62.1554,64.54,0,63.9759,0,121.346,195.816,151.053,57.368,17.8055,0,75.598,94.1078,0,0,108.918,0,51.0541,125.032,0,0,0,0,0,0,0,0,0,0,0,0,0,13.596,0,126.224,106.371,312.078,40.3131,38.8157,35.7238,0,0,214.227,0.54114,432.87,104.489,298.667,340.1,165.686,144.535,389.882,131.629,542.544,357.499,80.4965,479.794,231.862,186.123,247.136,28.6275,241.566,171.495,36.0446,116.139,165.54,222.823,3060.96,1129.9,513.695,354.39,250.449,116.481,204.007,191.254,318.068,151.918,22.7874,229.028,100.345,398.224,232.925,0,274.931,1083.84,256.983,711.534,332.364,0,108.862,53.1985,82.8205,53.7537,4.49608,43.2041,21.2773,79.3823,169.662,82.4206,0,810.561,366.6,67.5201,46.251,233.708,0,0,141.408,0,251.386,6.88451,217.834,3886.4,173.954,82.8551,0,181.923,58.3489,4384.79,0,632.915,204.38,103.298,46.6576,7732.62,398.47,200.012,97.7597,1898.21,98.4707,291.751,1951.44,254.754,87.9949,33.5322,4218.36,3426.45,622.709,538.356,4942.24,411.334,87.201,125.051,82.1517,115.823,550.175,427.374,393.323,414.49,0,105.405,0,204.224,242.932,113.353,10309,492.546,166.106,2150.5,57.5427,2810.6,2619.27,199.17,645.046,174.489,433.44,151.514,0,299.46,203.218,22.3915,0,22.5525,60.1087,0,311.483,197.534,322.488,12.7356,0,0,126.668,40.7477,46.5506,109.498,368.349,102.916,68.2903,1061.7,624.552,35.5074,0,0,681.664,257.461,6.52557,125.432,254.292,226.341,738.784,445.531,24.8761,85.2122,102.118,36.465,14.8867,15.1318,37.1534,0,868.531,335.332,0,83.2321,0,22.6358,20.3529,0,752.334,197.187,7.86398,149.457,56.3862,8.44344,74.5395,43.9236,14711.2,777.313,414.414,237.239,168.77,0,225.859,7.13712,0,651.623,9.78174,0,0,0,9.63334,0,59.9523,1273.32,19.2851,66.7612,49.9243,146.826,52.2338,165.337,0,23.9586,501.831,2012.31,3696.46,3340.07,874.251,472.703,810.503,267.621,260.763,755.098,0,7225.43,1318.36,1371.35,695.235,401.779,235.742,361.077,143.013,172.958,288.566,168.105,126.86,346.952,187.974,18.5853,9.05984,92.6512,28.7446,0,0,25.3792,0,0,0,0,9.36337,1973.31,99.0767,199.181,275.291,7.71541,0,0,0,105.054,0,210.998,0,0,256.453,205.249,33.9148,14.6495,0,71.5134,244.38,0,0,246.176,227.477,200.37,716.786,237.439,260.629,711.358,313.844,307.714,248.305,131.922,346.627,317.698,472.071,305.78,443.712,281.242,37.4025,329.86,242.589,10.334,480.895,421.655,220.154,355.645,11385.5,48.9865,662.921,1072.46,12605.4,1382.71,14.0569,1860
100.078,62.016,11.368,0,565.6,197.291,137.969,44.443,136.214,26.5485,0,96.7474,101.572,550.344,289.245,121,148.091,23.2328,96.0077,5.75043,27.574,67.5801,13.8312,158.695,72.5958,0,25.0443,36.0003,29.6709,16.2523,78.6639,341.884,400.513,95.6377,123.32,17.0181,193.338,19.1712,0,0,0,0,0,0,101.371,54.7309,62.8108,0,0,0,0,211.414,0,71.6581,219.321,178.356,71.8713,112.028,51.6936,0,37.8588,0,376.636,262.23,178.531,65.6052,65.5475,0,49.4741,35.0486,0,0,8.11296,0,0,0,4.43525,0,0,0,0,0,0,0,0,0,0,0,0,4.16204,0,61.2135,36.6251,192.348,30.5091,0,9.68049,0,0,74.3584,0,286.194,62.143,93.8439,144.074,65.039,53.1962,107.086,45.4669,349.369,91.5562,60.7865,313.98,53.3988,106.199,41.3171,27.3178,98.9981,342.145,66.3817,51.0913,69.3228,0,1753.52,529.918,191.919,56.8396,108.343,62.8307,107.362,85.8813,176.607,92.1418,13.4994,92.8158,16.5696,170.599,83.9293,10.6817,98.0589,556.401,672.626,407.013,125.597,0,40.9068,15.5964,41.957,0,10.9726,0,0,22.724,83.5415,23.3849,0,397.575,172.884,8.23033,12.4948,39.8972,16.3951,31.0256,60.9393,6.91817,95.3633,0,58.4753,860.084,0,69.8243,131.262,51.6573,38.4485,2711.21,5.98269,304.647,80.5982,52.3517,21.479,1650.62,21.0812,13.4425,46.967,942.287,40.2449,119.148,958.404,97.8171,106.983,0,4276.19,2335.42,542.896,397.885,1830.34,253.898,203.869,61.0683,13.6562,248.31,318.203,174.932,0,115.372,0,115.393,0,171.126,0,0,4199.05,110.387,160.911,2163.99,83.226,1394.89,1376.33,405.71,568.961,140.856,263.322,149.684,0,421.395,134.241,58.875,51.5181,0,78.5909,29.2073,244.918,205.631,55.1565,34.8081,86.0244,9.06913,54.3245,97.8416,20.1555,36.6231,262.252,0,0,404.451,372.945,61.1521,0,0,326.025,50.2203,84.8528,0,105.285,17.8879,538.515,227.372,89.0888,72.3747,61.5949,112.81,0,65.4649,88.1944,9.9126,402.904,129.449,0,23.9484,0,0,221.073,81.7527,372.646,148.822,115.484,133.644,235.219,7.84799,36.9542,46.2447,12062.7,691.019,345.716,111.099,64.7623,0,588.973,74.4939,0,301.601,24.7144,0,0,0,7.18785,0,29.3848,686.995,0,84.1554,5.5147,25.7999,0,14.124,221.754,55.8945,204.93,969.463,2012.62,1271.75,73.3638,131.37,329.182,163.27,208.99,337.296,91.2935,3198.26,432.44,245.296,42.9357,124.243,8.43852,87.647,35.4687,46.571,96.4579,59.3162,0,74.1185,35.6358,7.92483,170.536,440.867,163.97,129.854,0,40.9078,0,0,0,0,3.97118,1119.08,53.1633,33.087,98.06,0,6.51143,8.79298,18.6142,21.5391,22.1166,169.076,0,0,81.7453,58.9573,0,33.6994,0,147.435,111.499,0,0,71.5873,18.4729,63.8121,176.202,37.2125,90.9123,234.628,70.8356,96.4559,90.8273,47.9099,105.183,131.991,153.05,184.288,238.794,165.276,0,70.6544,133.378,0,179.44,112.893,0,1092.52,4799.87,35.0086,271.731,314.169,3937.28,501.911,588.551,1400
84.0096,0,0,0,355.466,161.941,112.396,41.7781,142.509,50.9529,6.93604,148.823,84.0604,371.144,236.784,77.5173,59.0404,22.1346,25.6856,0.417987,0,65.3329,0,154.399,53.7851,0,0,29.991,36.1925,0,63.1226,368.442,248.625,84.7041,0,0,125.121,0.190196,0,0,0,0,0,0.00665472,70.8233,67.4076,49.9658,0,0,23.9203,0,266.715,0,54.7857,220.025,156.052,31.4194,79.0134,0,0,29.1459,0,480.365,390.487,304.875,95.7352,66.424,0,17.0062,46.1622,0,0,0,0,6.57009,0,0,0,0,0,0,0,0,0,0,10.4244,0,0,0,21.9798,0,52.555,29.7557,75.2464,52.6925,47.9345,42.1408,0,0,72.6624,0,130.161,10.932,56.939,90.1069,46.9283,40.4189,55.4398,24.888,203.978,32.0285,61.1281,163.774,10.7049,23.3439,35.5721,40.1709,110.801,530.937,160.423,36.8522,47.8134,34.0195,1340.53,408.176,155.313,121.095,137.885,57.1709,112.843,93.0545,205.343,85.4856,12.5513,95.9702,23.9031,230.8,85.111,0,140.139,707.987,921.814,497.424,145.534,0,61.4447,8.41648,38.9838,0,36.2899,0,0,30.7182,34.9433,39.7436,0,545.69,225.702,12.6928,11.044,35.7029,59.41,111.769,66.4239,0,141.168,132.248,101.174,1243.3,0,24.426,133.037,79.8093,29.9243,2674.39,194.057,362.27,120.342,26.0532,0,2604.74,41.8401,2.55103,41.9346,1276.33,34.5505,152.04,1463.29,224.362,35.0021,4.28865,3530,2806.41,606.862,432.887,2347.38,258.726,30.4649,135.481,43.0382,91.1747,0,120.13,0,0,0,106.942,0,165.526,21.6315,0,6567.56,223.743,151.817,1633.82,11.7457,1986.7,1849.01,1765.01,422.253,128.864,311.875,155.016,111.794,1827.08,177.057,326.399,296.743,145.397,34.1595,0,175.942,115.655,90.7935,262.14,0,150.323,57.4438,48.8584,73.2658,51.8801,143.931,0,0,386.116,294.609,56.6249,13.5146,0,375.562,93.8071,85.1132,0,117.54,113.136,394.294,282.783,19.2385,29.9214,79.6918,29.6012,16.4485,249.572,184.252,35.9863,503.147,234.189,9.15157,49.6601,42.6267,454.155,576.224,203.067,516.435,291.521,248.177,178.474,399.388,7.0182,48.9278,35.0388,10253.2,512.527,294.712,176.398,71.9878,0,988.005,109.672,0,396.453,4.94613,0,0,0,8.17838,0,12.9814,925.77,0,228.436,504.077,42.2955,16.7483,0,81.7756,66.1017,295.592,1278.71,2420.66,2215.01,553.171,274.69,589.753,162.951,33.5025,413.491,622.042,3349.6,658.645,579.49,320.747,117.084,77.5033,79.2924,33.1063,66.8135,11.7337,34.6063,10.1197,34.2873,24.354,411.014,329.632,2744.93,152.469,388.615,0,71.3197,0,0,0,0,0,1650.47,59.3294,54.0117,93.3448,0,0,0,0,49.0627,346.427,228.228,0,0,127.816,81.7493,0,31.1705,0,85.592,92.3351,0,0,16.2082,0,0,87.7641,43.7592,0,223.206,28.366,117.107,60.5796,25.4118,22.2532,79.0166,62.9204,89.6602,206.322,213.895,0,33.6506,129.178,0,71.8921,15.0648,423.182,153.079,5546.33,0,324.244,480.885,6363.01,691.417,762.759,1800
65.5491,42.5098,0,12.8538,335.567,185.648,149.234,41.3343,100.722,105.074,0,23.0639,92.518,281.947,224.782,30.9904,52.3656,13.8825,26.4376,0,0,18.5518,0,147.731,81.5437,5.03461,0,28.1839,16.8499,7.48009,43.8252,290.567,209.709,75.7113,20.6718,0,222.023,0,0,15.9723,0,0,0,0,77.7421,48.1555,57.7553,50.0933,0,34.6863,0,210.181,0,45.4452,83.5918,103.451,13.533,25.3527,4.92737,0,20.6556,8.31849,294.837,207.795,176.268,61.6507,36.4318,0,0,32.4924,0,0,0,21.2466,5.66843,0,0,0,0,0,0,0,0,0,0,0,0,68.9497,0,28.9389,0,9.1759,32.0663,80.1653,75.6594,65.842,55.325,0,0,41.1669,0,129.713,0,40.7244,52.4978,21.827,41.2224,48.0235,10.8864,137.9,22.6348,25.1276,119.356,0,10.224,40.2573,112.016,105.974,266.132,73.1313,37.751,42.0798,34.828,1360.04,438.646,240.359,125.083,156.638,65.2483,100.924,89.1635,171.946,99.8597,16.9241,102.088,48.2412,230.146,99.1156,41.7749,140.749,632.861,573.129,437.221,179.686,0,53.8958,9.63649,45.7848,0,0,0,0,15.6629,10.5295,20.71,0,483.282,242.234,10.8356,0,71.2407,49.7959,0,76.7312,37.9498,107.059,0,66.653,1450.46,35.161,37.1451,0,82.9119,30.7096,2566.24,0,369.735,86.8599,53.5167,0,2738.54,85.7053,13.2306,26.2454,1111.45,36.7141,144.168,1275.62,149.198,80.9058,14.0669,3427.19,2510.01,546.444,396.919,2093.4,246.444,72.7349,64.0916,64.9029,107.264,77.5146,0,0,123.955,0,70.9732,0,151.743,13.1041,0,6151.23,232.188,186.934,1599.58,45.7178,1799.63,1725.05,1317.73,410.418,124.055,330.557,145.769,25.7535,1466.9,143.49,269.691,172.662,384.508,73.291,0,188.218,139.114,127.435,243.559,0,117.495,32.6358,54.5345,53.726,54.7247,204.758,11.3983,0,675.25,335.191,31.9253,217.046,0,332.001,119.739,93.356,376.14,116.757,247.739,439.779,319.008,35.3904,52.2064,41.2115,34.0321,234.064,55.9948,60.1908,13.055,418.648,224.249,73.3493,51.2163,178.079,875.938,1386.87,531.688,444.699,212.43,444.614,186.95,818.614,40.9875,27.5687,62.2383,9887.66,427.878,272.519,148.921,20.9441,122.475,1853.47,330.219,0,344.968,120.631,570.356,367.284,241.546,130.851,37.0021,181.677,880.717,69.8088,198.752,110.349,68.721,9.74822,538.887,0,26.3233,272.636,1277.19,2213.61,1944.61,512.158,216.234,494.009,150.554,58.4383,419.518,0,5153.13,951.549,1037.25,530.419,237.06,159.723,205.535,121.128,97.2121,81.3721,45.5466,22.8477,115.141,38.0308,75.4844,42.9463,218.288,0,0,0,89.5123,0,8.07364,0,0,38.0016,2465.38,119.553,77.7354,282.99,7.49684,0,5.56609,0,32.9831,0,516.244,0,0,53.6333,110.568,0,0,20.0284,0,142.285,0,0,12.7815,0,0,99.5683,0,0,190.674,40.4669,65.5934,108.851,25.5109,0,63.2144,78.0128,155.63,257.139,156.407,0,58.889,120.658,0,64.174,30.9446,285.657,1317.98,3695.48,30.2697,250.55,340.199,4087.47,392.668,542.316,2250
70.7501,8.21644,0,0,104.939,57.2902,24.8,34.8118,48.9993,47.2381,0,30.2739,43.5508,202.347,133.473,30.4888,27.6204,397.937,5.58245,0,0,15.3834,0,94.0099,36.2249,191.976,0,0,0,9.78299,15.1723,191.842,128.541,30.6073,27.9523,0,214.186,9.18395,2.3236,125.045,0,0,0,0,83.1673,44.4369,56.5757,25.614,0,39.2467,3.71516,145.119,0,48.3073,18.9821,128.307,29.4336,67.2533,0,0,16.2657,11.4572,158.216,88.5533,48.7302,21.0148,5.87096,0,5.21284,14.1387,0,0,7.54987,0,0,0.339974,0,0,0,0,0,0,0,0,0,0,0,21.1501,0,12.6444,0,41.5493,22.6556,127.878,22.5457,0,2.75675,0,0,29.4916,0,170.97,28.4378,64.3446,66.4973,32.5574,25.5073,73.3946,0,188.369,54.303,21.7985,174.87,17.5292,40.3283,6.2089,40.3725,72.5519,278.268,44.6554,39.2329,45.6041,0,1124.72,342.373,107.596,38.697,74.4851,36.2503,65.7376,65.9463,110.536,55.2408,0,73.4979,34.5651,154.952,90.3404,18.6869,73.8492,464.284,560.182,326.079,121.963,0,40.3236,10.7161,25.7187,0,16.6771,0,0,0,10.7489,13.8449,0,323.071,149.338,0,0,37.3947,10.8936,0,47.353,14.5829,80.6642,0,52.4953,632.96,0,44.5944,57.0601,45.9224,20.5343,1980.28,0,243.417,60.9726,29.4642,0,1454.19,16.2063,0.214316,35.1866,801.733,22.4756,74.6848,899.279,78.4869,90.27,2.001,4026.22,1973.5,509.974,436.416,1511.02,196.608,188.768,61.554,16.1044,197.84,348.712,80.1525,0,108.487,0,109.095,0,158.765,0,0,3435.02,81.642,139.83,1969.31,84.9841,1192.35,1208.96,651.285,488.108,140.93,250.65,130.622,0,761.921,118.303,131.587,92.485,308.78,70.7559,0,173.944,172.154,56.2554,119.207,0,64.2196,38.3058,59.0621,21.0628,29.0757,237.81,0,0,294.393,319.887,8.00054,0,0,249.63,9.12434,18.39,143.894,84.2913,133.851,542.978,202.483,86.3697,71.5295,61.7219,101.256,36.0838,68.9696,76.4221,12.892,332.208,127.481,69.0911,7.15049,114.836,213.178,925.049,312.046,334.966,182.529,282.404,109.12,635.93,12.1457,33.9555,31.8953,10498,599.984,333.615,121.194,16.5442,72.8996,1242.84,209.062,0,254.171,160.6,514.489,482.305,265.67,152.803,10.099,144.736,493.281,0,178.527,14.5094,14.9252,0,48.7314,0,0,204.046,729.387,1721.39,1104.7,57.8715,88.5554,298.699,138.052,200.776,298.774,104.471,3105.25,364.155,232.612,16.7823,137.584,13.1624,81.2645,1.22622,52.8695,96.4363,34.9485,15.0888,163.918,40.8016,8.45473,60.2974,53.4207,84.1691,129.691,53.7057,83.6614,38.7092,0,0,2.34064,87.4501,1122.17,29.9269,90.756,150.594,19.1988,22.7899,41.2082,33.1257,63.8699,18.949,154.93,90.2094,68.88,188.779,84.7471,6.22015,46.1063,14.2988,144.397,88.7457,0,0,0,17.2382,11.1664,56.8927,16.004,7.52662,218.277,93.4744,89.0511,90.1021,39.4696,29.4419,39.2646,81.5446,88.378,163.598,194.203,0,62.3169,115.229,0,103.821,0,0,0.359509,4104.63,0,341.802,350.517,4696.1,598.878,641.387,1860
160.678,139.886,100.383,0,701.376,168.061,115.05,129.054,285.782,135.745,41.0802,330.689,448.501,756.584,362.352,336.727,268.46,127.517,211.686,82.0745,34.1314,58.1033,49.484,182.216,70.6458,54.0988,80.3187,90.0977,8.52228,43.0941,152.71,484.223,644.305,288.198,159.671,41.7976,769.248,263.421,100.058,129.009,113.778,131.224,26.3342,59.1605,395.125,87.5374,183.11,216.222,69.637,18.3837,61.7413,1218.56,252.799,182.247,0,122.548,16.9916,65.3563,334.341,17.3908,121.06,81.7291,44.2306,21.0658,16.4037,19.6093,0,0,400.938,137.802,0,0,6.61014,0,25.0325,205.98,0,6.13772,0,0,0,0,0,0,0,49.7244,66.0326,167.293,0,0,0,158.127,140.283,358.204,40.9787,35.001,29.7959,0,0,250.34,0.612142,503.073,156.226,293.122,434.761,145.921,194.31,369.636,122.709,726.335,301.624,219.906,628.973,213.545,159.397,220.18,0,196.176,170.909,26.9844,124.859,170.458,207.837,3260.26,1273.83,543.925,368.578,199.795,91.1542,172.885,110.921,240.979,114.538,11.0016,176.242,54.6191,263.671,151.087,0,211.41,698.602,318.61,496.203,170.989,0,72.8106,12.1744,47.8795,0,42.8469,15.2693,0,48.1252,236.989,71.1323,0,494.891,233.979,7.4247,25.1227,211.026,0,0,111.176,0,180.82,0,127.569,3478.61,149.938,53.5372,0,105.747,50.6286,3646.85,0,409.528,134.931,55.6399,8.17933,8180.69,447.59,270.283,63.529,1342.84,54.9643,183.747,1476.11,188.542,79.6512,29.4059,3671.66,2785.17,510.342,429.871,4377.73,301.462,126.968,63.0574,64.926,71.8831,396.475,180.651,179.337,136.407,0,80.4317,66.8436,153.767,227.971,84.0995,8981.12,447.938,131.326,1919.85,24.0557,2000.53,2040.97,247.5,548.557,179.179,373.036,123.352,0,380.418,187.05,57.9649,30.6805,9.64812,85.0806,0,293.068,154.715,252.886,29.9664,0,23.861,273.1,81.4301,39.0092,54.272,439.402,80.7226,60.0603,776.874,543.72,25.7177,0,0,524.89,149.818,0,70.6503,142.466,157.062,584.076,351.583,49.0094,81.1912,99.3829,37.3755,0,0,0,0,622.744,299.13,146.773,63.2546,0,178.271,1967.27,732.59,569.146,8.62745,592.139,282.531,1122.28,51.3564,69.2479,106.646,12070.9,653.375,327.666,184.727,103.619,151.443,2712.82,496.519,0,441.7,81.6279,83.9063,61.9349,0,63.8216,42.979,49.6383,1110.25,0,0,0,112.262,77.5063,0,0,9.0969,319.406,1609.14,2397.42,2102.62,567.011,281.111,506.966,187.611,115.606,517.283,0,6715.61,1211.14,1233.17,634.535,355.787,206.631,300.826,156.014,144.628,235.613,184.357,105.427,365.437,193.856,34.4744,0,0,0,0,7.09454,223.188,73.9443,17.3758,0,23.0277,126.422,3542.43,177.785,206.605,584.077,21.6673,10.7468,16.8019,37.9162,172.635,21.7355,803.907,0,24.0842,373.432,367.327,85.2543,25.1032,42.2181,0,176.159,0,0,0,78.9751,0,120.12,43.3566,26.4345,428.667,116.139,156.636,174.835,99.1505,82.3809,214.444,117.297,164.776,363.533,541.314,0,88.1034,268.285,0,289.214,49.3816,0,55.5468,6623.2,45.4312,436.1,731.38,7484.16,851.193,816.794,1980
87.1279,86.6869,0,9.21866,670.194,206.966,144.011,89.0231,156.393,156.98,44.7,111.5,251.352,604.58,322.825,144.054,200.654,614.305,142.156,22.6664,30.1794,130.383,17.2681,151.526,70.9993,306.507,47.5948,52.1743,35.7019,35.2783,104.097,370.561,451.527,183.664,163.149,23.6313,164.51,10.1718,1.33391,0,0,0,0,0.240257,117.586,41.7099,43.7355,24.2808,0,21.4468,39.7642,323.217,0,46.16,180.896,222.209,77.3704,112.985,10.9791,0,34.3384,9.3563,401.779,277.761,172.645,51.8043,58.1159,0,42.1478,40.8204,0,0,83.6104,15.2242,4.80483,0,0,0,0,0,0,0,0,0,0,0,0,0,0,42.0149,0,54.4253,48.7501,208.35,78.0184,0,27.8531,0,0,82.1416,0,289.821,82.2982,110.385,157.902,58.4108,51.6911,110.233,61.2037,372.531,80.7286,54.8281,319.647,51.0312,139.303,12.5312,90.6132,109.094,353.944,67.1314,29.6934,43.2791,0,1483.43,481.861,172.401,52.2328,144.094,66.7851,116.553,82.6811,183.626,79.6611,15.0732,96.824,34.915,180.284,100.449,0,106.151,587.042,598.581,394.381,132.896,123.499,41.4229,9.1346,25.3467,0,0,18.8167,0,20.7598,60.0103,20.6886,0,412.72,189.251,24.1732,6.20709,79.6712,0,0,55.375,0,98.2256,0,88.7374,997.993,0,51.7265,0,56.1555,39.1381,1723.19,0,317.438,59.0749,32.0515,25.3446,2421.86,46.5227,54.6402,43.89,884.871,39.4849,115.752,992.742,106.551,115.674,0,4049.33,1447.31,532.997,426.511,2096.61,107.654,178.442,187.042,26.1907,190.547,292.441,166.5,135.139,125.509,0,75.9623,0,166.519,16.6859,0,3548.58,73.6245,172.122,2037.01,85.8363,1305.19,1242.74,294.518,519.455,145.891,258.843,179.51,0,400.442,141.034,50.8784,38.1997,0,65.6648,0,234.643,190.018,76.2005,40.9709,157.132,8.21171,57.0799,90.4943,44.3394,44.2614,191.508,0,0,331.359,271.516,19.1436,87.5157,3.63063,277.615,53.29,0,0,113.777,0,495.817,213.456,98.7706,56.4513,61.5688,104.397,0,53.9938,53.1502,32.7247,402.804,167.832,36.7668,15.8729,0,0,714.995,272.204,353.061,21.772,270.707,162.467,548.858,26.6893,40.6232,57.7241,11097.4,606.208,319.936,132.211,19.1862,40.5031,1151.65,214.134,0,262.636,0,0,0,0,0,0,0,570.583,0,12.2819,0,11.971,60.9147,0,13.8731,50.7634,217.334,812.535,1943.78,1267.14,79.5774,120.415,306.453,153.083,164.233,333.162,0,4474.53,629.487,431.912,57.5385,225.951,28.1656,143.196,44.4388,74.0397,152.837,91.7087,62.6801,208.867,77.1337,26.7817,0,0,0,0,52.1144,73.0868,13.3388,0,0.646627,0,44.3347,1293.14,68.2083,114.058,201.142,0,0,6.59061,6.94669,86.0248,0,248.654,289.925,152.925,217.556,135.337,6.47102,26.1869,0,500.706,120.959,0,0,6.25613,36.2694,14.2599,116.982,8.42041,41.5128,183.654,59.721,77.9732,88.1322,31.779,47.5251,85.5678,69.5395,60.3602,187.491,183.225,0,44.7034,105.262,0,115.979,25.3047,433.723,74.2161,4371.24,0,385.167,404.747,5182.96,694.051,416.758,1700
108.468,188.075,10.2112,0,1079.94,222.139,188.471,146.099,348.275,138.12,67.7103,280.79,301.776,771.173,411.38,367.028,536.494,95.7173,373.614,208.707,232.819,297.771,85.9584,217.939,105.154,0,12.163,86.3743,63.64,4.79807,143.014,543.401,656.35,444.408,128.162,136.59,279.049,59.0302,0,0,0,0,0,12.4089,261.542,0,121.74,0,0,0,169.944,709.376,34.3807,174.716,219.113,150.071,53.0071,87.2469,63.9065,0,67.2353,0,254.854,324.039,228.883,89.4908,41.9112,0,144.555,111.124,0,0,105.204,0,0,0,0,0,0,0,0,0,39.3749,39.1449,0,8.13235,0,0,0,0,0,107.059,132.289,274.687,20.4535,23.8352,11.9594,0,0,243.328,0.721665,402.866,120.511,183.509,428.297,136.663,181.83,208.334,137.843,565.2,208.35,162.859,498.132,167.188,140.255,342.471,0,288.784,242.053,0,176.792,242.202,396.334,3863.68,1535.51,678.945,595.668,284.99,134.829,214.688,183.337,347.465,157.367,18.3977,253.308,100.088,364.289,202.479,48.4995,241.67,992.973,228.584,684.011,382.665,0,121.703,58.0498,70.1949,76.821,0,87.2293,54.1474,112.288,175.947,79.7687,0,712.948,321.005,94.3459,95.1407,344.899,52.8773,0,133.639,9.82335,253.474,17.4957,157.409,5299.45,244.208,56.6773,0,136.755,72.8906,5473.39,0,554.225,199.216,89.0859,54.5592,14638.8,850.249,408.749,97.245,1726.92,114.165,298.652,1698.36,215.236,22.8255,128.089,3365.84,4109.87,560.619,469.626,5682.33,478.562,60.3068,31.4294,55.5213,51.3865,233.184,422.687,209.103,112.755,0,98.8669,0,180.109,350.509,159.476,15646.6,857.626,99.4731,1674.53,19.4323,2547.98,2513.67,240.255,462.608,153.793,417.219,153.685,1.34313,353.268,198.679,51.3928,18.6797,0,69.4221,23.9478,250.516,166.646,510.749,23.5396,0,23.8941,43.1313,59.3467,47.6179,106.366,500.102,271.04,141.832,1143.25,868.21,33.5526,0,54.9202,610.794,217.862,16.2957,17.9377,184.982,151.866,573.474,360.94,24.8652,78.6517,93.4611,0,87.5412,28.5132,14.9688,0,746.643,326.659,22.4546,126.508,0,21.3133,292.629,88.9783,700.446,253.832,179.569,749.831,316.398,175.559,55.6022,264.969,11461.6,584.983,338.653,182.56,124.961,10.6075,929.338,144.29,39.7177,719.331,39.2685,0,0,0,7.31373,0,102.235,1592.12,0,1.03148,0.157577,327.035,320.442,0,0,142.862,326.361,2418.71,3303.98,2934.52,730.027,434.109,731.444,248.217,143.996,654.328,0,9447.06,1774.24,2353.08,1175.2,528.932,385.28,420.926,258.338,269.447,340.85,395.948,280.425,617.163,443.055,0,1.27075,0,0,0,0,19.3787,0,57.6437,18.8203,0,0,4600.36,283.872,146.972,761.306,93.8581,4.27585,11.1702,8.64517,171.845,0.141831,669.453,0,0,365.461,516.105,147.604,6.88923,13.9139,0,333.365,88.3493,72.7682,155.377,137.971,102.244,429.336,120.654,180.118,481.632,186.344,223.838,177.154,95.3688,184.505,245.117,282.256,310.73,371.695,198.826,0,202.402,176.966,110.115,308.496,225.513,0,26.6843,8314.11,45.0046,520.896,511.145,5105.1,454.081,0,2200
157.36,120.49,0,0,982.452,152.724,81.1189,131.119,139.296,76.3697,38.0332,97.6244,383.746,1052.61,410.42,285.434,674.676,64.9317,366.046,235.538,203.577,85.9974,128.824,242.902,102.991,3.12657,31.955,72.8126,56.4962,0,117.225,543.644,965.552,544.808,246.684,156.091,649.783,73.9698,6.17711,4.67793,0,0,0,2.95034,269.03,38.5281,138.038,30.603,6.52609,0,61.2039,509.81,45.1162,203.676,203.961,140.712,66.6305,117.443,109.747,0,80.1232,0,613.961,401.847,305.548,121.067,91.9059,0,119.788,121.346,0,0,60.9396,10.5619,0,0,0,0,0,0,0,0,0,0,0,46.654,16.7687,0,0,17.2374,0,148.384,117.538,272.761,44.3239,40.0823,35.6091,0,0,188.244,0.292287,415.571,109.912,320.829,352.097,145.488,164.289,378.223,137.987,494.427,317.192,134.464,517.617,226.457,152.702,211.64,85.6844,196.785,309.738,5.81628,208.106,250.995,280.891,4001.27,1478.94,693.304,560.681,215.041,122.472,202.617,154.141,289.138,128.666,44.8718,144.78,34.1505,289.861,190.718,80.5532,166.91,841.064,379.679,570.123,238.03,0,72.4656,45.7799,75.1707,8.4002,27.9764,32.5881,0,76.4527,178.098,35.3694,123.066,643.604,293.774,55.1856,36.4366,214.2,88.7589,0,129.427,52.9983,172.667,99.2741,174.152,3260.8,119.307,55.7838,0,113.325,60.8107,3832.46,0,467.799,151.641,73.9216,41.2249,7107.59,373.932,183.039,103.114,1580.03,81.0778,229.65,1634.48,240.812,60.8633,105.295,3791.73,2490.07,511.82,472.925,3181.37,262.755,75.331,7.23068,74.5682,100.096,395.965,345.576,113.114,475.33,0,78.8526,0,191.592,144.954,63.5765,7390.06,312.826,112.393,1968.48,48.4287,2499.41,2125.26,739.49,559.766,156.927,409.411,125.573,0,840.715,197.788,136.903,126.188,12.376,76.2364,0,300.09,166.941,255.849,133.367,107.387,80.938,147.467,82.5566,43.6493,78.2266,280.979,83.5631,49.4534,999.029,694.317,33.2376,57.7026,72.3483,619.06,173.013,18.9382,146.408,194.266,233.49,618.991,357.675,42.5404,69.5047,81.2203,57.8373,113.622,56.4197,43.2042,30.9087,724.914,309.631,83.1743,96.8511,0,62.6359,1254.39,434.261,647.226,480.365,483.028,621.479,883.608,134.05,56.5802,243.524,12197.8,670.886,374.57,198.777,96.4549,101.8,2075.03,353.194,61.2171,551.667,15.2489,0,0,0,0,50.3582,19.7948,1347.55,0,78.6608,0,244.799,572.114,317.031,10.1368,80.2622,325.944,1886.03,2754.38,2374.44,639.692,308.249,590.882,200.649,184.493,566.462,24.2519,8607.27,1617.67,1714.93,898.013,466.555,278.27,401.047,199.718,203.327,317.432,189.509,135.743,356.935,209.837,48.2055,13.6457,40.6446,7.59727,113.418,76.6884,51.7247,0,173.719,69.6609,60.1676,31.4054,4081.34,231.509,227.583,607.931,220.284,105.469,103.985,97.5427,87.5667,49.7689,637.124,0,0,214.804,514.675,149.005,15.4526,0,0,256.495,359.519,397.242,110.813,62.4835,57.8623,247.641,58.1585,50.8396,360.113,102.315,189.893,142.991,70.6321,150.159,209.932,200.738,282.945,401.238,219.699,18.266,112.971,217.502,184.285,246.348,131.977,566.586,1056.66,5238.51,38.7637,545.329,415.675,3628.06,406.879,35.9659,1860
108.064,111.688,0,12.3381,896.648,253.157,171.901,120.021,162.964,52.0337,28.8778,61.6904,371.797,772.523,485.941,274.814,483.518,72.9034,603.283,203.517,366.465,95.7219,141.111,206.778,129.106,0.377489,61.5762,45.5133,40.6876,24.8547,163.485,427.228,720.969,453.836,181.007,112.404,337.196,41.0077,4.06922,0,0,0,0,3.23167,168.637,0,86.2064,66.4921,0,0,110.07,525.172,32.679,94.2349,136.86,198.699,75.361,116.532,48.4649,0,57.8666,0,392.831,326.409,171.579,68.5969,58.7617,0,118.03,83.1769,0,0,143.889,9.83735,11.1574,0,0,0,0,0,0,0,7.85158,6.7909,0,0,12.8878,0,0,26.418,0,105.234,79.8205,298.11,0,0,2.25481,0,0,123.774,0.0190822,438.795,124.996,208.795,256.717,103.022,85.5192,203.759,73.3568,545.372,188.426,89.3345,517.218,139.889,184.195,117.808,90.022,247.125,111.55,0,197.754,167.062,36.6344,3344.57,1196.3,450.845,241.26,246.429,130.98,178.682,128.315,248.902,134.018,28.4517,376.706,146.42,338.021,155.967,20.4946,371,772.048,36.866,530.324,371.356,0,128.757,58.4853,56.3923,189.912,0,293.683,112.276,147.337,122.227,102.797,0,619.012,278.871,224.685,153.544,249.634,25.6964,0,111.539,4.52088,146.754,14.7715,179.424,2349.13,58.8218,93.6578,0,118.282,48.2524,2755.78,0,444.196,158.573,78.5308,36.3529,5316.95,185.557,200.364,89.3348,1440.49,67.6039,212.772,1310.03,146.342,106.752,16.9904,4451.93,1803.46,580.961,583.719,2603.94,212.083,191.817,1.88515,26.9361,249.462,763.209,595.494,571.835,455.953,250.373,131.755,295.079,199.738,154.011,62.7887,5777.82,186.159,0,2417.51,107.54,1889.11,1790.36,589.672,742.71,162.832,346.729,181.785,2.89E-05,628.323,151.334,120.007,96.7477,41.7951,101.605,100.035,268.235,252.927,196.673,93.2051,280.033,51.5776,86.1936,92.0259,31.6827,65.1212,304.243,39.323,19.3949,618.097,539.18,16.6206,71.0446,43.4684,542.575,154.791,0,0,177.027,85.8866,754.585,331.981,129.632,88.7466,88.523,144.734,83.3162,203.813,151.79,89.4951,683.132,328.616,89.946,61.3986,0,3.79575,1066.09,388.108,611.129,83.6792,402.451,419.537,753.694,84.8048,68.2718,155.438,15099.3,889.904,480.361,171.913,109.439,74.3526,1783.54,332.646,29.0306,503.714,0,0,0,0,0,48.8414,0,1085.88,0,14.3119,0,90.6185,100.281,50.9457,43.3685,70.5775,286.397,1589.53,2494.93,1633.49,121.063,192.943,424.21,230.734,342.177,448.258,0,10513.5,1339.49,1285.75,300.09,553.176,79.4873,366.068,168.879,222.379,543.519,193.801,159.359,508.928,242.946,61.1589,33.8526,37.8142,67.0901,0,0,0,0,32.0533,23.6691,6.26338,28.788,3277.12,210.492,205.576,549.007,79.0906,56.4123,85.9832,158.055,74.8659,0,514.236,0,14.9514,165.053,394.951,103.797,0,0,290.299,178.132,159.408,131.499,90.3935,53.2487,75.0639,228.208,54.9715,77.3945,357.632,95.2472,142.404,207.451,102.084,119.994,187.337,181.354,215.441,342.763,227.647,15.9628,182.821,203.516,134.891,218.484,110.981,0.509588,0,3890.85,16.7928,321.972,396.636,3713.42,432.951,0,2100
99.9759,107.161,15.5574,0,768.924,94.8371,93.3489,61.76,208.443,97.6225,22.0665,219.484,210.73,718.179,340.63,278.888,302.903,64.8841,275.708,69.1538,136.854,60.7687,62.5736,174.953,71.694,0,16.6253,54.5522,22.2831,0,143.734,379.408,604.219,343.675,99.7635,71.4461,371.193,66.0296,0,0,0,0,0,8.64301,135.977,50.5371,75.2508,27.3576,0,0,97.6668,429.857,69.2806,78.7235,172.513,161.034,51.608,102.274,31.7675,0,51.8101,0,439.893,302.889,259.4,116.307,63.281,0,67.3352,69.7868,0,0,7.30934,0,17.77,0,0,0,0,0,0,0,0,0,0,7.67862,0,0,0,3.97639,0,126.48,65.2552,210.867,45.4492,44.1429,26.0791,0,0,139.901,0.383936,328.107,81.3752,232.3,281.386,126.203,110.977,289.786,104.877,475.437,222.454,83.0559,392.822,169.011,117.23,169.554,60.4917,212.055,213.574,8.33574,131.106,167.875,173.226,2713.83,956.995,443.987,323.631,219.295,96.4714,158.506,153.886,275.967,143.07,21.389,157.141,79.8718,326.073,196.068,75.931,178.856,924.688,323.492,631.415,260.712,0,100.659,41.2293,78.679,6.88315,21.9285,32.6974,0,68.1847,109.532,72.9905,96.9017,635.729,327.137,58.6228,26.7377,173.631,5.57433,0,128.85,0,150.555,46.4558,208.558,2348.46,90.2073,93.3451,0,160.238,76.7142,2928.28,0,597.083,168.967,107.976,56.8602,5015.71,199.835,135.067,110.739,1857.49,102.05,278.829,1730.71,199.423,90.5334,78.1374,3997.71,1919.77,520.045,494.368,3130.06,166.111,102.988,2.05974,59.1822,124.457,614.622,529.005,517.22,632.764,164.384,115.23,73.6163,156.016,133.064,50.3981,6264.64,260.394,130.533,2130.75,56.1166,2707.3,2578.42,726.313,698.309,189.546,461.784,134.398,0,811.25,200.708,147.319,121.031,0,93.096,0,308.003,231.269,197.524,113.501,0,67.7598,180.925,101.888,50.6858,115.43,219.551,58.6727,29.7483,810.758,490.436,34.7085,16.5268,99.9665,678.735,255.796,5.52031,0.000294547,206.521,70.2752,725.968,408.069,61.4712,111.937,98.9245,54.5581,11.6821,21.3646,67.5378,23.9678,877.603,396.675,159.017,77.1466,0,2.55649,1564.31,577.364,772.318,130.934,556.364,512.789,1022.32,118.406,88.4526,198.118,14552.4,827.416,433.913,217.927,193.37,113.874,2541.05,462.886,87.9531,695.151,0,0,0,0,0,89.283,0,1552.3,0,10.6242,0,175.073,120.468,0,0,120.451,345.599,2217.55,2756.25,2454.32,625.666,336.136,601.858,203.898,206.714,623.003,92.7259,7947.98,1448.69,1491.57,759.458,459.182,240.68,335.125,176.363,175.526,354.488,203.589,129.993,381.704,213.072,38.3971,13.0002,31.3929,5.19264,37.6035,22.2202,70.037,0,155.732,55.6297,42.891,18.1487,3773.47,240.05,268.93,650.709,153.961,80.5516,76.0543,94.6379,121.723,63.6204,640.585,406.403,183.249,291.758,606.708,136.494,14.0856,0,0,305.947,226.392,245.892,156.681,82.2524,108.187,302.613,74.993,132.909,585.403,135.879,247.197,219.081,152.995,160.191,283.429,254.548,448.552,636.446,273.126,24.4931,221.666,313.466,186.328,391.208,199.192,633.248,1093.8,6022.42,87.1304,532.851,266.813,3550.83,432.504,86.5925,2200
152.308,134.027,54.1932,0,878.841,90.1353,53.6706,105.399,176.471,113.675,43.6181,301.97,433.16,1063.04,378.113,416.475,741.893,74.0573,373.341,281.383,154.831,125.613,158.295,244.056,71.9305,0,42.5624,81.3233,54.4693,7.70418,118.366,527.671,963.428,635.586,208.39,211.035,453.159,54.5262,6.10524,0,0,0,0,2.66628,216.721,42.9329,122.816,0,0,0,85.4035,655.772,36.2067,132.679,387.797,141.045,29.3656,83.5915,83.758,0,85.473,0,722.919,555.235,389.181,135.645,135.604,318.919,129.071,105.35,0,0,0,0,0,0,0,0,0,0,0,0,0,0,0,20.3365,0,0,0,0,0,128.332,113.65,311.396,52.9392,41.9428,36.7104,0,0,185.1,0,411.386,151.762,298.551,340.984,168.972,160.063,341.117,118.77,553.872,313.764,117.883,513.141,184.693,128.867,189.058,0,233.291,195.16,0,158.873,181.103,241.007,3105.28,1173.84,551.782,348.155,260.133,124.043,212.287,165.748,327.645,160.547,32.7307,160.612,70.5057,335.772,190.473,0,173.02,950.11,256.085,658.918,269.829,0,101.972,41.8906,71.4733,0,41.602,27.8998,0,48.3995,190.051,42.2747,105.952,663.141,316.025,47.2353,27.2773,205.178,0,0,121.77,0,188.606,66.3558,171.722,3150.74,120.253,89.2626,0,104.452,71.2111,3258.27,0,548.025,149.422,84.9867,40.8473,6745.29,318.144,132.972,97.8194,1673.54,68.322,255.218,1807.11,232.462,36.8133,167.974,3980.37,2050.96,599.369,461.062,3462.29,208.556,88.555,2.48802,90.1227,120.835,263.263,263.9,227.089,0,0,104.188,0,143.209,173.593,64.1779,6265.46,244.181,156.976,2059.98,33.448,2495.66,2234.06,956.887,584.045,141.724,406.72,181.11,0,982.635,202.31,215.583,165.353,0,71.4499,91.5819,276.823,169.666,201.567,144.298,92.4074,75.4469,113.156,60.3334,54.932,115.144,237.611,27.0903,28.8568,1037.52,563.749,77.606,0,96.8024,574.752,183.855,0,0,201.763,45.033,645.366,384.323,47.1448,80.7947,98.0075,51.6765,13.0448,250.274,213.733,33.4583,737.456,287.309,9.84675,88.9496,0,7.77503,323.048,104.429,644.206,0,154.945,817.362,349.118,197.921,49.5608,317.22,13128.2,677.295,363.318,199.559,135.178,0,956.561,141.251,66.6363,555.684,0,0,0,0,0,0,0,1168.52,0,0,0,133.507,33.3841,0,0,52.0961,374.612,1742.24,2784.46,2447.09,664.85,361.629,601.428,212.828,188.745,589.954,78.7939,6922.19,1312.36,1327.18,678.406,345.299,254.216,306.023,175.801,165.243,231.268,214.193,87.9709,282.664,185.378,171.859,0,20.2594,0,46.2318,0,0,0,80.6169,39.7214,0,0,2694.74,151.381,189.432,418.38,122.066,23.7543,40.2368,25.7532,60.1478,128.751,339.329,0,0,127.775,577.922,141.598,0,0,124.783,224.937,66.0838,164.65,140.573,30.0832,106.607,255.552,31.7666,59.5087,357.083,85.5646,158.548,157.091,53.5316,148.085,156.868,192.066,273.933,338.997,186.039,26.2666,176.578,166.699,163.05,252.288,160.466,0,670.25,4371.09,58.4348,339.232,285.155,2948.46,282.625,96.9208,2200
0.0259353,0,11.7664,0,0,0,0,147.323,159.448,0,0,0,0,14.5969,3.06207,0,0,0,0,0,0,0,0,14.0314,0,0,121.193,0,0,67.4556,13.4736,0.244823,0,0,0,0,0,0,13.3929,0,225.286,252.613,129.414,78.2792,0,81.8792,0,0,53.0623,0,0,6.24631,0,0,0,0,0,0,0,214.1,0,128.01,0,0,0,64.2888,0,0,0,0,0,0,29.3983,0,9.60943,2338.65,9.974,137.054,0,0,0,0,0,0,0,0,0,274.491,0,0,0,0,0,0,42.5646,32.6902,37.812,0,0,0,0,0,0,0,0,0,0,0,0,0,0,0,0,0,0,0,0,0,6.00505,5.49405,0,0,0,0,0,0,0,0,0,0,0,0,0,0,0,0,0,0,0,0,0,146.586,0,0,0,0,0,0,0,78.8889,0,0,0,0,0,0,0,0,0,0,0,0,0,0,0,0,43.7085,0,0,0,0,0,0,0,0,0,0,0,0,0,0,0,0,0,0,0,0,0,0,0,0,0,0,0,0,0,0,0,0,0,0,0,0,0,0,0,0,0,0,0,0,0,0,141.5,0,0,0,0,0,0,0,0,0,0,0,0,0,0,0,0,0,0,0,0,0,0,0,0,0,0,0,0,0,0,0,0,0,11.9449,0,0,0,0,352.871,0,0,0,0,0,0,0,0,0,0,0,0,0,0,0,0,13.908,319.285,0,0,0,0,0,0,0,0,0,0,0,0,0,0,0,0,0,0,0,0,31.1027,0,0,0,0,0,139.827,0,0,0,0,0,0,0,0,48.8135,0,0,0,0,0,0,0,0,0,0,0,0,0,0,0,0,0,0,0,0,0,0,0,0,0,208.954,0,0,0,6.99813,0,349.838,193.456,265.957,91.0739,53.2736,264.328,0,0,0,0,176.083,89.3616,71.3482,7.00146,0,70.9574,0,0,0,0,0,0,0,0,0,0,182.957,173.622,0,0,0,0,0,0,0,0,0,0,0,0,0,0,0,0,0,9.05875,0,0,0,0,0,0,0,0,37.6738,8.74422,0,0,0.650929,754.566,730
0,161.316,0,71.5554,0.117582,11.3022,0,53.4357,110.689,0,0,32.1499,0,76.1443,15.8453,34.8482,0,0,3.83496,0,0,0,0.0113203,36.1629,0,0,0,0,0,7.10234,15.1331,0,25.014,0,0,0,0,0,2.41978,0,7.29253,0,0,21.6581,0,0,0,0,20.8266,0,0,0,0,0,0,0,0,0,0,0,0,0,0,0,0,0,0,0,13.7204,0,0,0,0,23.4054,18.7658,0,0,0,0,0,0,16.0038,0,0,0,0,12.6394,0,0,43.7209,0,0,0,0,39.9789,31.4092,21.4884,0,0,0,0,0,0,0,0,0,0,0,0,0,0,0,0,0,0,0,142.635,0,252.313,16.5482,0,0,0,0,0,0,0,0,0,0,0,0,0,0,0,0,0,0,8.7552,0,0,176.032,0,0,6.07E-05,0,0,0,0,57.3193,0,0,0,0,0,45.3578,0,0,0,0,0,30.45,45.4628,0,0,0,117.261,0,0,0,0,330.628,0,0,0,170.943,0,0,0,0,0,0,0,0,0,0,0,0,0,0,0,0,0,0,0,0,0,0,0,0,0,0,0,0,0,0,0,0,0,0,0,0,0,9.54918,0,0,0,0,0,0,0,0,0,14.745,0,0,0,0,0,0,0,0,0,0,0,0,0,0,0,0,0,0,0,0,0,0,11.0402,78.6286,0,0,0,61.235,0,0,0,0,0,0,0,0,0,0,136.668,107.726,0,0,0,0,0,0,28.2728,0,0,0,103.47,0,0,0,0,0,0,0,0,0,0,0,0,0,0,0,0,11.0712,0,0,0,0,0,9.14495,0,0,86.0268,28.9665,0,0,32.8556,47.5003,61.8041,0,0,0,0,0,0,0,0,0,0,91.1254,0,0,0,0,0,0,0,0,0,0,0,0,0,0,139.89,118.394,292.841,73.072,341.927,0,0,0,3.50015,0,0,0,0,0,0,0,3.16742,0,0,0,0,79.9619,0,0,0,0,0,0,0,0,154.165,0,0,0,0,0,0,0,0,0,0,0,0,0,0,0,0,0,0,0,0,0,0,0,0.100108,0,0,0,0,0.223446,11.0721,12.432,0,0,0,0,880
0,54.868,0,36.4372,0,0,0,0,0,0,37.1131,0.246205,0,3.84659,0,8.31611,0,0,0,0,0,0,0,0,0,0,0,0,0,0,0,0.281402,0,0,0,0,0,0,0,0,0,0,0,0,0,0,0,0,0,0,0,0,0,0,0,0,0,0,0,0,0,0,0,0,0,0,0,0,0,0,0,0,0,0,0,0,0,0,0,0,0,0,0,0,0,0,0,0,0,19.1527,0,0,0,0,0,0,5.20125,0,0,0,0,0,0,0,0,0,0,0,0,0,0,0,0,0,0,0,67.7541,0,378.874,27.0251,0,0,0,0,0,0,0,0,0,0,0,0,0,0,0,0,0,0,0,0,0,262.133,0,0,0,0,0,0,0,0,0,0,0,0,0,0,0,0,0,0,0,0,0,0,0,0,0,0,0,0,0,0,0,0,0,0,0,0,0,0,0,0,0,0,0,0,0,0,0,0,0,0,0,0,0,0,0,0,0,0,0,0,0,0,0,0,0,0,0,0,0,0,0,9.22261,0,0,0,0,0,0,0,0,0,0,0,0,0,0,0,0,0,0,0,0,0,0,0,0,0,0,0,0,0,0,0,0,0,0,0,0,0,3.55637,0,0,0,0,0,0,0,0,0,0,0,0,0,0,0,0,0,0,0,0,0,0,0,0,0,0,0,0,0,0,0,0,0,0,0,0,0,0,0,0,0,0,0,0,0,0,0,15.466,1.06816,0,0,0,0,0,0,0,0,0,0,0,0,0,0,0,0,0,0,0,0,0,0,0,0,0,0,0,0,0,0,0,0,0,0,0,0,0,0,0,0,0,0,0,0,0,0,0,3.54445,0,0,0,0,0,0,0,0,0,0,0,0,0,0,0,0,0,0,0,0,0,0,0,0,0,0,0,0,0,0,0,0,0,0,0,0,0,0,0,0,0,0,0,0,0,0,0,0.897652,0,910
0,0,0,0,0,0,0,0,2.69826,0,3.66535,0,0,0,0,0,0.493668,0,0,0,0,0,0,0,0,0,0,0,0,0,0,0,0,0,0,0,0,0,0,0,0,0,0,0,0,0,0,0,0,0,0,0,0,0,0,0,0,0,0,0,0,0,0,0,0,0,0,0,0,0,0,0,0,0,0,0,0,0,0,0,0,0,0,0,0,0,0,0,0,0,0,0,0,0,125.261,116.726,81.2254,0,0,0,0,0,0,0,0,0,0,0,0,0,0,0,0,0,0,0,0,0,68.1322,0,0,0,0,0,0,0,0,0,0,0,0,0,0,0,0,0,0,0,0,0,0,0,0,0,0,0,0,0,0,0,0,0,0,0,0,0,0,0,0,0,0,0,0,0,0,0,0,0,0,0,0,0,0,0,0,0,0,0,0,0,0,0,0,0,0,0,0,0,0,0,0,0,0,0,0,0,0,0,0,0,0,0,0,0,0,0,0,0,0,0,0,0,0,0,0,0,0,0,0,0,0,0,0,0,0,0,0,0,0,0,0,0,0,0,0,0,0,0,0,0,0,0,0,0,0,0,0,0,0,0,0,0,0,0,0,0,0,0,0,0,0,0,0,0,0,0,22.8325,0,0,0,0,0,0,0,6.73376,0,0,0,0,0,0,0,0,0,0,0,0,0,0,0,0,0,0,0,0,0,0,0,0,0,0,0,0,0,0,0,0,0,0,0.0991138,0.595523,0,0,0,0,0,0,0,0,0,0,0,0,0,0,0,0,0,0,0,0,0,0,0,0,0,0,33.0646,0,0,0,0,0,0,0,0,0,0,0,0,0,0,0,0,0,0,0,0,0,0,0,0,0,0,0,0,0,0,0,0,0,0,0,0,0,0,0,0,0,0,0,0,0,0,0,0,0,0,0,0,0,0,0,0,0,0,0,0,710
17.036,0,0,0,0,0,0,0,0,0,0,0.0524409,0,5.37976,0,0,0,0,0,0,0,0,0,7.82701,0,0,0,0,0,0,0,0.331288,0,0,0,0,0,0,0,22.0924,0,0,0,0,0,0,0,0,0,0,0,0,0,0,0,0,0,0,0,0,0,0,0,0,0,0,0,0,0,0,0,0,0,0,37.7833,0,0,0,22.1065,239.021,44.6747,411.526,1244.68,790.452,0,0,0,0,0,0,0,0,0,0,0,0,0,0,0,0,0,0,0,0,0,0,0,0,0,0,0,0,0,0,0,0,0,0,0,0,0,0,0,0,0,0,0,0,0,0,0,0,0,0,0,0,0,0,0,0,0,0,9.29736,0,0,0,0,0,0,3.6142,0,0,0,0,0,0,6.24593,0,0,0,0,0,0,0,0,0,0,0,0,0,0,0,0,0,0,0,0,0,0,0,0,0,0,0,0,0,0,0,0,0,0,0,0,0,4.71653,0,0,0,0,0,0,0,0,0,0,0,0,0,0,0,0,0,0,0,0,0,0,0,0,0,0,0,0,0,0,0,0,0,0,0,0,6.41989,0,0,0,0,0,0,0,0,0,0,0,0,0,0,0,0,0,0,4.95115,0,0,0,0,0,0,0,0,0,0,0,0,0,0,0,15.8469,0,0,0,0,0,0,0,0,0,0,0,0,0,0,0,0,0,0,0,0,0,0,0,0,0,0,0,0,0,0,0,0,0,0,0,0,0,0,0,0,0,0,0.223933,0,0,0,0,0,0,0,0,0,0,0,0,0,0,0,0,0,0,0,0,0,0,0,0,0,0,0,30.9072,0,0,0,0,0,0,4.91044,0,0,0,0,0,0,5.55192,0,0,0,0,15.1168,0,0,0,0,0,185.398,3.39681,3.873,0,0,0,0,0,0,0,0,0,0,4.84834,0,0,0,0,0,0,0,0,4.68505,0,0,0,0,0,0,0,0,0,0,5.98929,0,0,685
0,0,0,0,0,0,0,0,4.11913,0,0,0,0,0,0.551749,0,0,0,0,0,0,0,0,0,0,0,0,0,0,0,0,0,0,0,0,0,0,0,0,0,71.0183,53.6332,0,71.1863,0,8.75776,0,0,33.9958,0,0,0,0,0,0,0,0,0,0,0,0,0,0,0,0,0,0,0,0,0,0,0,220.63,0,0,0,0,0,0,0,0,0,62.2315,29.5595,0,36.3613,10.6951,0,0,0,0,0,0,0,69.7533,71.2018,63.9589,0,0,0,0,0,0,0,0,0,0,0,0,0,0,0,0,0,0,0,0,0,106.234,0,0,0,0,0,0,0,0,0,0,0,0,0,0,0,0,0,0,0,0,0,0,201.579,0,0,0,0,0,0,0,12.0953,0,0,0,0,0,28.705,0,0,0,0,0,0,0,0,0,0,0,0,0,0,0,0,0,0,0,0,0,0,0,0,0,0,0,0,0,0,0,0,0,0,0,0,0,0,5.18771,0,0,0,0,0,0,0,0,0,0,0,0,0,0,0,0,0,0,0,0,0,0,0,0,0,0,0,0,0,0,0,0,0,0,0,0,0,0,0,0,0,0,0,0,0,0,0,0,0,0,0,0,0,0,0,0,0,0,0,0,0,0,0,0,0,0,0,0,0,0,0,0,0,0,0,0,0,0,0,0,0,0,0,0,0,0,0,0,0,0,0,0,0,0,0,0,0,0,0,0,0,0,0,0,0,0,0,0,0,0,0,0,0,0,0,0,0,0,0,0,0,0,0,0,0,0,0,0,0,0,0,0,0,0,0,0,0,0,0,0,0,0,0,0,0,0,0,0,0,0,0,0,0,0,0,0,0,0,0,0,0,0,0,0,0,0,0,0,0,0,0,0,0,0,0,0,0,0,0,0,0,0,0,0,0,0,0,0,0,0,0,0,0,0,0,0,0,0,5.17947,0,0,0,0,735
0,0,0,0,0,0,0,0,0,0,0,0,0,0,0,0,0,0,0,0,0,0,0,0,0,0,8.79644,0,0,0,0,0,0,0,0,0,0,0,0,0,0,0,0,29.5433,0,0,0,0,0,0,0,15.791,0,0,0,0,0,0,0,0,0,35.2077,0,0,0,0,0,0,0,0,0,0,0,0,0,1159.93,0,135.281,0,0,0,0,0,0,0,0,0,114.664,0,0,0,0,0,0,0,0,0,0,0,0,0,0,0,0,0,0,0,0,0,0,0,0,0,0,0,0,0,0,0,0,0,0,0,0,0,0,0,0,0,0,0,0,0,0,0,0,0,0,0,0,0,0,0,0,211.673,0,0,0,0,0,0,0,0,0,0,0,0,0,0,0,0,0,0,0,0,0,0,0,0,0,0,0,2.14687,0,0,0,0,0,0,0,0,0,0,0,0,0,0,0,0,0,0,0,0,0,0,0,0,0,0,0,0,0,0,0,0,0,0,0,0,0,0,0,0,0,0,0,0,0,0,0,0,0,0,0,0,0,0,0,0,0,0,0,0,0,0,0,0,0,0,0,0,0,0,0,0,0,18.1563,0,0,0,0,0,0,0,0,0,0,0,0,0,0,0,0,0,0,0,0,0,0,0,0,0,0,0,0,0,224.26,0,28.9836,0,59.3498,0,0,0,0,0,0,0,0,0,0,0,0,0,0,0,0,0,0,0,0,0,0,0,0,0,0,0,0,0,0,0,0,0,0,0,0,0,0,0,0,0,0,0,0,0,0,0,0,0,0,0,0,0,0,0,0,0,96.9555,505.043,980.35,341.377,309.816,617.892,0,0,0,51.1833,497.615,200.314,176.285,131.385,0,37.8731,0,0,0,0,0,0,0,0,0,0,271.294,133.362,0,0,0,0,0,0,0,0,0,0,0,0,0,0,0,0,0,8.51815,0,0,0,0,0,4.27034,0,0,0,0,0,0,0,0,2000
18.2969,17.0316,0,0,0,0,0,0,0,0,0.671676,0.716878,0,2.54465,0,0.0668246,0,0,0,0,0,0,0,0,0,0,7.52528,0,0,0,0,1.37166,0,0,0,0,0,0,0.744733,0,0,0,0,0,0,0,0,0,8.0807,0,0,0,0,0,0,0,0,0,0,0,0,0,0,7.27083,0,5.92346,0,0,27.3946,4.23263,0,0,0,0,0,0,50.2591,11.9328,0,0,0,0,0,0,25.9582,0,0,0,22.0119,0,0,0,0,0,0,0,0,0,0,0,0.217863,0,0,0,0,0,0,0,0,0,0,0,0,0,14.9769,0,0,5.3115,0,0,0,0,0,0,0,0,0,0,0,8.64669,0,0,0,0,75.997,0,14.5841,0,0,94.8233,0,0,97.2221,69.9792,0,0,0,0,0,0,3.22091,0,0,0,33.8354,0,110.207,0,0,0,0,0,0,47.7278,10.4561,4.21325,0.452552,127.512,0,0,0,0,19.9882,0,0,0,34.0427,16.4712,0,0,0,0,0,0,51.8077,70.3526,64.5596,0,0,0,0,0,0,0,64.1442,0,0,0,0,0,0,0,0,0,0,0,0,0,50.7191,0,0,0,0,0,0,0,97.791,0,0,0,0,0,0,0,0,0,0,0,0,0,0,151.85,0,0,0,0,0,39.4372,0,0,33.0619,0,0,0,0,0,0,0,71.87,104.956,36.3225,0,0,0,0,0,0,0,59.8953,118.644,37.3666,0,0,0,0,41.7118,150.684,10.4244,6.38144,0,0,0,0,0,0,0,0,0,0,0,0,0,0,4.83679,0,0,0,149.59,0,37.8407,0,0,0,0,0,0,0,0,0,0,72.9559,0,0,0,9.84586,0,9.42226,0,0,0,0,0,0,0,0,0,0,0,0,0,0,0,0,0,0,0,0,0,0,0,3.40043,0,7.88684,2.48952,0,0,0,0,0,0,0,0,0,0,0,0,0,0,0,0,13.2775,0,0,0,0,0,0,0,0,0,0,0,0,0,0,0,0,0,0,0,0,0,0,0,0,0,0,0,0,0,0,0,0,20.3794,7.56208,0,73.202,0,0,0,0,0,0,0,0,0,0,0,2750
0,0,0,0,0,0,0,0,0,0,0,0,0,0,0,0,0,0,0,0,0,0,0,0,0,0,0,0,0,0,0,0,0,0,0,0,0,0,0,0,0,0,0,0,0,0,0,0,0,0,0,0,0,0,0,0,0,0,0,0,0,0,0,0,0,0,0,0,0,0,0,0,0,0,0,0,5.62859,0,0,0,0,0,0,0,0,0,0,0,0,0,0,0,0,0,0,0,0,0,0,0,0,0,0,0,0,0,0,0,0,0,0,0,0,0,0,0,0,0,18.5622,0,0,0,0,0,0,0,0,0,0,0,0,0,0,0,0,0,0,0,0,0,0,0,0,7.48162,0,0,0,0,0,3.81927,0,0,0,0,18.3118,50.4788,38.569,0,0,0,0,0,0,0,14.3955,0,35.8409,0,54.4036,0,0,67.8792,0,0,0,0.484922,2.19077,0,0,0,0,0,0,0,0,22.8383,0,0,0,0,0,0,0,0,13.5448,0,0,0,0,0,0,0,0,0,0,0,0,0,0,0,0,0,0,0,0,0,16.8335,0,0,0,0,0,0,0,0,0,0,0,0,0,0,0,0,0,0,0,0,0,0,0,0,0,0,0,0,0,0,0,0,12.8297,0,12.8094,0,104.339,0,0,0,0,0,0,0,0,0,0,0,0,9.44221,0,0,0,0,0,0,4.91928,0,0,0,0,0,0,0,0,0,8.88056,0,0,0,8.76737,0,0,0,0,0,0,0,0,0,0,0,0,2.56374,0,0,0,0,0,0,0,0,0.0340998,4.17247,0,0,0,0,0,0,0,0,0,0,0,0,0,0,0,0,0,13.3503,0,0,0,4.00332,0,0,0,92.5513,0,0,0,0,0,0,0,0,0,0,4.59362,0,0,0,0,0,0.862857,0,0,0,0,0,0,0,0,41.8069,0,0,0,0,0,0,0,0,0,0,0,0,7.32415,0,0,0,0,0,0,0,0,1.66207,0,4.3197,0,0,0,0,0,16.185,5.05194,0,5.22127,0,0,2750
0,14.2332,0,0,0,0,0,0,0,0,0,0,0,0.00578103,0.0144075,5.21488,0,0,0,0,0,0,0,0,0,0,0,0,0,0,12.8938,0,0,0,0,0,0,0,0,0,0,0,0,0,0,0,0,0,0,0,0,0,0,0,0,0,0,0,0,0,0,0,0,0,0,0,0,0,0,6.05027,0,0,0,0,0,0,0,0,0,46.9855,0,102.959,0,0,0,0,0,0,0,5.04575,0,0,0,0,0,0,0,0,0,0,0,0,0,0,0,0,0,0,0,0,0,0,0,0,0,0,13.6353,0,0,0,0,0,0,0,0,0,0,0,0,0,0,0,0,0,0,0,0,0,0,0,0,0,3.451,0,181.87,0,0,0,0,0,0,0,0,0,0,0,7.63179,0,0,0,0,0,0,0,0,0,0,0,0,0,0,0,0,0,0,0,0,0,0,0,0,0,0,0,5.2945,4.79339,0,0,0,0,0,0,0,0,0,0,0,0,0,0,0,0,0,0,0,0,0,0,3.05722,0,0,0,0,0,0,0,0,0,0,0,0,0,0,0,0,0,0,0,0,0,0,6.04611,0,0,0,0,0,0,0,0,0,0,0,0,0,0,0,0,0,0,0,0,0,0,0,0,0,0,0,5.83717,0,0,0,0,0,0,34.3086,3.66995,0,0,0,0,0,0,0,0,180.889,0,26.9535,0,52.6563,0,0,0,0,0,0,4.079,0,0,0,0,0,0,0,0,0,0,0,0,0,0,0,0,0,0,0,0,0,0.072811,0,0,0,0,0,0,0,0,0,0,0,0,0,0,0,0,0,0,0,0,0,0,0,0,0,0,0,0,0,0,0,0,0,0,0,0,0,0,0,0,0,0,0,0,0,0,0,0,0,0,0,0,0,4.54368,0,0,0,0,0,0,0,0,0,0,0,64.7989,0,0,0,0,0,0,0,0,20.9529,0,0,0,0,0,0,0,0,0,0,9.90706,0,0.493452,2600
0.0691191,0,0,14.1437,0,0,0,15.4757,0,0,0,0,0,0.15755,0,0,0,97.7231,0,0,0,0,0,4.53756,0,51.3707,0,0,0,0,0,0,0,0,0,0,0,0,0,0,0,0,0,0,0,39.3677,0,0,0,0,0,0,0,0,0,0,0,0,0,0,0,0,0,0,0,5.55576,0,0,0,0,0,0,0,4.78399,0,0,0,0,0,0,0,0,0,0,0,0,0,0,0,11.3663,0,0,0,0,0,0,0,0,0,0,0,0,0,0,0,0,0,0,0,0,0,0,0,0,0,0,124.584,0,211.274,31.6092,0,0,0,0,0,0,0,0,0,0,0,0,0,0,0,0,0,0,0,0,0,345.432,0,0,0,0,0,0,0,0,0,0,0,0,0,0,0,0,0,0,0,0,75.0728,0,0,0,0,0,0,0,0,0,0,0,0,0,0,0,0,0,0,0,0,0,0,0,0,0,0,0,0,0,0,0,0,0,0,0,0,0,0,0,0,0,0,0,0,0,0,0,0,0,0,149.12,0,0,0,0,0,0,0,0,0,0,0,0,0,0,0,0,0,0,0,0,0,0,0,0,0,0,0,0,0,0,0,0,137.657,172.423,4.99828,0,0,13.8986,0,0,0,0,0,0,0,0,0,0,11.7663,17.7541,0,0,0,0,0,0,0,0,0,0,0,0,173.541,0,27.3687,0,50.3221,0,0,6.01628,0,0,0,0,0,0,0,0,0,0,0,0,0,0,0,0,0,0,0,0,0,0,0,0,0,0.29228,0,0,0,0,0,0,0,0,0,0,0,0,0,0,0,0,0,0,0,0,0,0,0,0,0,0,0,0,25.5256,0,0,0,8.36702,66.3362,6.85461,0,0,0,0,0,0,0,0,0,0,332.584,115.338,0,0,0,0,28.0895,223.71,0,0,0,0,0,0,0,0,0,0,0,0,0,0,0,0,0,0,0,0,0,0,0,0,0,0,275.721,0,0,0,0,0,0,0,70.7535,2481
0,0,0,0,0,0,0,37.0027,14.7663,0,0,0,0,0,0,0,0,9.41082,0,0,0,0,0,0,0,7.94979,8.12881,0,0,0,0,0,0,0,0,0,0,0,0,93.3466,8.01796,0,0,4.5222,0,0,0,0,0,0,0,4.70729,0,0,0,0,0,0,0,0,0,11.9487,0,0,0,0,0,0,4.59982,0,0,0,0,0,0,1197.87,0,74.4696,0,0,0,0,0,0,0,0,0,46.3638,0,0,0,0,0,0,0,0,0,0,0,0,0,0,0,0,0,0,0,0,0,0,0,0,0,0,0,0,0,0,0,0,0,0,0,0,0,0,0,0,0,0,0,0,0,0,0,0,0,0,0,0,0,0,0,0,0,0,0,0,0,0,0,0,0,0,0,0,0,0,0,0,0,0,0,0,0,0,0,0,0,0,0,0,0,0,0,0,0,0,0,0,0,0,0,0,0,0,6.6613,0,0,0,0,0,0,0,0,0,0,0,0,0,0,0,0,0,0,0,0,0,0,0,0,0,0,0,0,0,0,0,0,0,0,0,0,0,0,0,0,0,0,0,0,0,0,0,0,0,0,0,0,0,0,0,0,0,0,0,32.1261,40.847,0,0,0,0,131.684,0,0,0,0,0,0,0,0,0,11.7664,11.7315,8.49308,0,0,0,0,0,70.0583,0,0,0,0,0,61.3986,0,0,0,18.2168,0,0,0,0,0,0,0,0,0,0,46.9335,0,0,0,20.1859,0,0,0,0,0,0,0,0,0,0,21.5064,0,0,0.327853,0,0,0,0,0,0,0,0,0,0,0,0,0,0,0,0,0,0,0,0,0,0,0,0,0,0,0,0,64.3223,456.946,453.596,235.741,330.924,636.37,0,0,0,0,289.256,405.931,588.787,629.553,0,0,0,0,0,0,0,0,0,0,55.4424,0,241.072,130.923,0,0,0,0,0,0,0,0,0,0,0,0,0,0,0,0,0,0,0,0,0,0,0,0,0,1.55591,0,9.15324,0,0,2.01847,2.37583,2970
